date,sma50,sma20,ret20,lowvol,sma50_lowvol,rv20
2022-01-04,,,,,,
2022-01-05,,,,,,
2022-01-06,,,,,,
2022-01-07,,,,,,
2022-01-10,,,,,,
2022-01-11,,,,,,
2022-01-12,,,,,,
2022-01-13,,,,,,
2022-01-14,,,,,,
2022-01-18,,,,,,
2022-01-19,,,,,,
2022-01-20,,,,,,
2022-01-21,,,,,,
2022-01-24,,,,,,
2022-01-25,,,,,,
2022-01-26,,,,,,
2022-01-27,,,,,,
2022-01-28,,,,,,
2022-01-31,,,,,,
2022-02-01,,,,,,
2022-02-02,,0,0,,,0.181
2022-02-03,,1,0,,,0.186
2022-02-04,,0,0,,,0.192
2022-02-07,,0,0,,,0.194
2022-02-08,,0,0,,,0.193
2022-02-09,,1,0,,,0.196
2022-02-10,,1,0,,,0.201
2022-02-11,,1,0,,,0.208
2022-02-14,,0,0,,,0.214
2022-02-15,,0,0,,,0.214
2022-02-16,,1,0,,,0.216
2022-02-17,,1,0,,,0.214
2022-02-18,,0,0,,,0.223
2022-02-22,,0,0,,,0.214
2022-02-23,,0,0,,,0.216
2022-02-24,,0,0,,,0.220
2022-02-25,,0,0,,,0.227
2022-02-28,,0,1,,,0.239
2022-03-01,,0,0,,,0.223
2022-03-02,,0,0,,,0.218
2022-03-03,,0,0,,,0.227
2022-03-04,,0,0,,,0.224
2022-03-07,,0,0,,,0.211
2022-03-08,,0,0,,,0.231
2022-03-09,,0,0,,,0.231
2022-03-10,,0,0,,,0.251
2022-03-11,,0,0,,,0.243
2022-03-14,,0,0,,,0.240
2022-03-15,,0,0,,,0.233
2022-03-16,,0,0,,,0.248
2022-03-17,0,1,0,,,0.254
2022-03-18,0,1,0,,,0.258
2022-03-21,1,1,1,,,0.247
2022-03-22,1,1,1,,,0.246
2022-03-23,1,1,1,,,0.244
2022-03-24,1,1,1,,,0.240
2022-03-25,1,1,1,,,0.240
2022-03-28,1,1,1,,,0.230
2022-03-29,1,1,1,,,0.230
2022-03-30,1,1,1,,,0.224
2022-03-31,1,1,1,,,0.220
2022-04-01,1,1,1,,,0.227
2022-04-04,1,1,1,,,0.224
2022-04-05,1,1,1,,,0.191
2022-04-06,1,1,1,,,0.195
2022-04-07,1,1,1,,,0.183
2022-04-08,1,1,1,,,0.182
2022-04-11,1,1,1,,,0.174
2022-04-12,0,0,1,,,0.184
2022-04-13,0,0,1,,,0.172
2022-04-14,1,0,1,,,0.159
2022-04-18,0,0,0,,,0.159
2022-04-19,0,0,0,,,0.157
2022-04-20,1,0,1,,,0.167
2022-04-21,1,0,0,,,0.161
2022-04-22,0,0,0,,,0.164
2022-04-25,0,0,0,,,0.178
2022-04-26,0,0,0,,,0.179
2022-04-27,0,0,0,,,0.197
2022-04-28,0,0,0,,,0.189
2022-04-29,0,0,0,,,0.216
2022-05-02,0,0,0,,,0.244
2022-05-03,0,0,0,,,0.246
2022-05-04,0,0,0,,,0.243
2022-05-05,0,0,0,,,0.269
2022-05-06,0,0,0,,,0.292
2022-05-09,0,0,0,,,0.290
2022-05-10,0,0,0,,,0.306
2022-05-11,0,0,0,,,0.304
2022-05-12,0,0,0,,,0.307
2022-05-13,0,0,0,,,0.301
2022-05-16,0,0,0,,,0.317
2022-05-17,0,0,0,,,0.316
2022-05-18,0,0,0,,,0.320
2022-05-19,0,0,0,,,0.344
2022-05-20,0,0,0,,,0.342
2022-05-23,0,0,0,,,0.333
2022-05-24,0,0,0,,,0.341
2022-05-25,0,0,0,,,0.329
2022-05-26,0,0,0,,,0.331
2022-05-27,0,1,0,,,0.325
2022-05-31,0,1,1,,,0.312
2022-06-01,0,1,0,,,0.312
2022-06-02,0,1,0,,,0.313
2022-06-03,0,1,0,,,0.301
2022-06-06,0,1,0,,,0.280
2022-06-07,0,1,1,,,0.280
2022-06-08,0,1,1,,,0.254
2022-06-09,0,1,1,,,0.258
2022-06-10,0,0,1,,,0.267
2022-06-13,0,0,0,,,0.287
2022-06-14,0,0,0,,,0.302
2022-06-15,0,0,0,,,0.302
2022-06-16,0,0,0,,,0.297
2022-06-17,0,0,0,,,0.285
2022-06-21,0,0,0,,,0.285
2022-06-22,0,0,0,,,0.301
2022-06-23,0,0,0,,,0.291
2022-06-24,0,0,0,,,0.294
2022-06-27,0,0,0,,,0.314
2022-06-28,0,0,0,,,0.305
2022-06-29,0,0,0,,,0.295
2022-06-30,0,0,0,,,0.295
2022-07-01,0,0,0,,,0.295
2022-07-05,0,0,0,,,0.288
2022-07-06,0,0,0,,,0.286
2022-07-07,0,0,0,,,0.286
2022-07-08,0,1,0,,,0.289
2022-07-11,0,1,0,,,0.288
2022-07-12,0,1,0,,,0.279
2022-07-13,0,1,0,,,0.262
2022-07-14,0,0,1,,,0.225
2022-07-15,0,0,1,,,0.225
2022-07-18,0,1,1,,,0.228
2022-07-19,0,1,1,,,0.197
2022-07-20,1,1,1,,,0.213
2022-07-21,1,1,1,,,0.198
2022-07-22,1,1,1,,,0.199
2022-07-25,1,1,1,,,0.202
2022-07-26,1,1,1,,,0.173
2022-07-27,0,1,1,,,0.178
2022-07-28,1,1,1,,,0.182
2022-07-29,1,1,1,,,0.184
2022-08-01,1,1,1,,,0.184
2022-08-02,1,1,1,,,0.184
2022-08-03,1,1,1,,,0.187
2022-08-04,1,1,1,,,0.192
2022-08-05,1,1,1,,,0.189
2022-08-08,1,1,1,,,0.189
2022-08-09,1,1,1,,,0.182
2022-08-10,1,1,1,,,0.179
2022-08-11,1,1,1,,,0.184
2022-08-12,1,1,1,,,0.183
2022-08-15,1,1,1,,,0.182
2022-08-16,1,1,1,,,0.176
2022-08-17,1,1,1,,,0.159
2022-08-18,1,1,1,,,0.164
2022-08-19,1,1,1,,,0.163
2022-08-22,1,1,1,,,0.167
2022-08-23,1,0,1,,,0.187
2022-08-24,1,0,1,,,0.181
2022-08-25,1,0,1,,,0.160
2022-08-26,1,1,1,,,0.162
2022-08-29,1,0,0,,,0.197
2022-08-30,1,0,0,,,0.198
2022-08-31,0,0,0,,,0.200
2022-09-01,0,0,0,,,0.192
2022-09-02,0,0,0,,,0.193
2022-09-06,0,0,0,,,0.195
2022-09-07,0,0,0,,,0.195
2022-09-08,0,0,0,,,0.207
2022-09-09,0,0,0,,,0.194
2022-09-12,1,0,0,,,0.203
2022-09-13,1,1,0,,,0.197
2022-09-14,0,0,0,,,0.245
2022-09-15,0,0,0,,,0.246
2022-09-16,0,0,0,,,0.247
2022-09-19,0,0,0,,,0.247
2022-09-20,0,0,0,,,0.248
2022-09-21,0,0,0,,,0.242
2022-09-22,0,0,0,,,0.247
2022-09-23,0,0,0,,,0.246
2022-09-26,0,0,0,,,0.239
2022-09-27,0,0,0,,,0.217
2022-09-28,0,0,0,,,0.217
2022-09-29,0,0,0,,,0.232
2022-09-30,0,0,0,,,0.239
2022-10-03,0,0,0,,,0.241
2022-10-04,0,0,0,,,0.263
2022-10-05,0,0,0,,,0.288
2022-10-06,0,0,0,,,0.279
2022-10-07,0,0,0,,,0.278
2022-10-10,0,0,0,,,0.282
2022-10-11,0,0,0,,,0.275
2022-10-12,0,0,0,,,0.238
2022-10-13,0,0,0,,,0.236
2022-10-14,0,0,0,,,0.258
2022-10-17,0,0,0,,,0.266
2022-10-18,0,0,0,,,0.282
2022-10-19,0,1,0,,,0.285
2022-10-20,0,1,0,,,0.279
2022-10-21,0,0,0,,,0.280
2022-10-24,0,1,1,,,0.287
2022-10-25,0,1,1,,,0.286
2022-10-26,0,1,1,,,0.290
2022-10-27,0,1,1,,,0.285
2022-10-28,0,1,1,,,0.274
2022-10-31,1,1,1,,,0.275
2022-11-01,1,1,1,,,0.266
2022-11-02,1,1,1,,,0.246
2022-11-03,0,1,0,,,0.262
2022-11-04,0,0,0,,,0.262
2022-11-07,0,1,1,,,0.245
2022-11-08,1,1,1,,,0.244
2022-11-09,1,1,1,,,0.242
2022-11-10,0,0,1,,,0.255
2022-11-11,1,1,1,,,0.299
2022-11-14,1,1,1,,,0.283
2022-11-15,1,1,1,,,0.277
2022-11-16,1,1,1,,,0.277
2022-11-17,1,1,1,,,0.277
2022-11-18,1,1,1,,,0.274
2022-11-21,1,1,1,,,0.264
2022-11-22,1,1,1,,,0.263
2022-11-23,1,1,1,,,0.262
2022-11-25,1,1,1,,,0.260
2022-11-28,1,1,1,,,0.259
2022-11-29,1,1,1,,,0.255
2022-11-30,1,1,1,,,0.254
2022-12-01,1,1,1,,,0.272
2022-12-02,1,1,1,,,0.253
2022-12-05,1,1,1,,,0.248
2022-12-06,1,1,1,,,0.257
2022-12-07,1,0,1,,,0.263
2022-12-08,1,0,1,,,0.263
2022-12-09,1,0,1,,,0.251
2022-12-12,1,0,0,,,0.174
2022-12-13,1,1,1,,,0.178
2022-12-14,1,1,1,,,0.176
2022-12-15,1,1,1,,,0.176
2022-12-16,1,0,0,,,0.193
2022-12-19,0,0,0,,,0.201
2022-12-20,0,0,0,,,0.201
2022-12-21,0,0,0,,,0.201
2022-12-22,0,0,0,,,0.203
2022-12-23,0,0,0,,,0.205
2022-12-27,0,0,0,,,0.207
2022-12-28,0,0,0,,,0.201
2022-12-29,0,0,0,,,0.204
2022-12-30,0,0,0,,,0.182
2023-01-03,0,0,0,,,0.182
2023-01-04,0,0,0,,,0.182
2023-01-05,0,0,0,,,0.177
2023-01-06,0,0,0,,,0.175
2023-01-09,0,1,0,,,0.194
2023-01-10,0,1,0,,,0.192
2023-01-11,1,1,0,,,0.192
2023-01-12,1,1,0,,,0.191
2023-01-13,1,1,0,,,0.189
2023-01-17,1,1,0,,,0.188
2023-01-18,1,1,1,,,0.167
2023-01-19,1,1,1,,,0.166
2023-01-20,0,1,1,,,0.165
2023-01-23,1,1,1,,,0.176
2023-01-24,1,1,1,,,0.173
2023-01-25,1,1,1,,,0.164
2023-01-26,1,1,1,,,0.164
2023-01-27,1,1,1,,,0.165
2023-01-30,1,1,1,,,0.155
2023-01-31,1,1,1,,,0.156
2023-02-01,1,1,1,,,0.161
2023-02-02,1,1,1,1,1,0.161
2023-02-03,1,1,1,1,1,0.165
2023-02-06,1,1,1,1,1,0.164
2023-02-07,1,1,1,1,1,0.152
2023-02-08,1,1,1,1,1,0.156
2023-02-09,1,1,1,1,1,0.163
2023-02-10,1,1,1,1,1,0.163
2023-02-13,1,1,1,1,1,0.163
2023-02-14,1,1,1,1,1,0.166
2023-02-15,1,1,1,1,1,0.166
2023-02-16,1,1,1,1,1,0.153
2023-02-17,1,1,1,1,1,0.160
2023-02-21,1,0,1,1,1,0.149
2023-02-22,1,0,0,1,1,0.162
2023-02-23,1,0,0,1,1,0.162
2023-02-24,1,0,1,1,1,0.163
2023-02-27,0,0,0,1,0,0.162
2023-02-28,1,0,0,1,1,0.162
2023-03-01,0,0,0,1,0,0.157
2023-03-02,0,0,0,1,0,0.147
2023-03-03,1,0,0,1,1,0.145
2023-03-06,1,0,0,1,1,0.147
2023-03-07,1,0,0,1,1,0.143
2023-03-08,0,0,0,1,0,0.151
2023-03-09,1,0,0,1,1,0.142
2023-03-10,0,0,0,1,0,0.150
2023-03-13,0,0,0,1,0,0.154
2023-03-14,0,0,0,1,0,0.154
2023-03-15,0,0,0,1,0,0.160
2023-03-16,0,0,0,1,0,0.160
2023-03-17,0,0,0,1,0,0.174
2023-03-20,0,0,0,1,0,0.175
2023-03-21,0,0,0,1,0,0.179
2023-03-22,0,1,0,1,0,0.173
2023-03-23,0,0,0,1,0,0.182
2023-03-24,0,0,0,1,0,0.181
2023-03-27,0,1,0,1,0,0.180
2023-03-28,0,1,0,1,0,0.179
2023-03-29,0,1,0,1,0,0.179
2023-03-30,1,1,1,1,1,0.185
2023-03-31,1,1,1,1,1,0.184
2023-04-03,1,1,1,1,1,0.182
2023-04-04,1,1,1,1,1,0.183
2023-04-05,1,1,1,1,1,0.175
2023-04-06,1,1,1,1,1,0.175
2023-04-10,1,1,1,1,1,0.161
2023-04-11,1,1,1,1,1,0.148
2023-04-12,1,1,1,1,1,0.148
2023-04-13,1,1,1,1,1,0.141
2023-04-14,1,1,1,1,1,0.143
2023-04-17,1,1,1,1,1,0.134
2023-04-18,1,1,1,1,1,0.119
2023-04-19,1,1,1,1,1,0.117
2023-04-20,1,1,1,1,1,0.111
2023-04-21,1,1,1,1,1,0.092
2023-04-24,1,1,1,1,1,0.092
2023-04-25,1,1,1,1,1,0.091
2023-04-26,1,0,1,1,1,0.111
2023-04-27,1,0,1,1,1,0.112
2023-04-28,1,1,1,1,1,0.121
2023-05-01,1,1,1,1,1,0.123
2023-05-02,1,1,1,1,1,0.114
2023-05-03,1,0,0,1,1,0.121
2023-05-04,1,0,0,1,1,0.122
2023-05-05,1,0,0,1,1,0.124
2023-05-08,1,1,1,1,1,0.140
2023-05-09,1,1,1,1,1,0.140
2023-05-10,1,0,1,1,1,0.141
2023-05-11,1,1,1,1,1,0.141
2023-05-12,1,1,0,1,1,0.133
2023-05-15,1,1,0,1,1,0.133
2023-05-16,1,1,0,1,1,0.133
2023-05-17,1,0,0,1,1,0.135
2023-05-18,1,1,1,1,1,0.142
2023-05-19,1,1,1,1,1,0.144
2023-05-22,1,1,1,1,1,0.144
2023-05-23,1,1,1,1,1,0.144
2023-05-24,1,1,1,1,1,0.138
2023-05-25,1,0,1,1,1,0.140
2023-05-26,1,1,1,1,1,0.126
2023-05-30,1,1,1,1,1,0.130
2023-05-31,1,1,1,1,1,0.130
2023-06-01,1,1,1,1,1,0.125
2023-06-02,1,1,1,1,1,0.124
2023-06-05,1,1,1,1,1,0.127
2023-06-06,1,1,1,1,1,0.113
2023-06-07,1,1,1,1,1,0.113
2023-06-08,1,1,1,1,1,0.112
2023-06-09,1,1,1,1,1,0.113
2023-06-12,1,1,1,1,1,0.112
2023-06-13,1,1,1,1,1,0.114
2023-06-14,1,1,1,1,1,0.115
2023-06-15,1,1,1,1,1,0.110
2023-06-16,1,1,1,1,1,0.110
2023-06-20,1,1,1,1,1,0.113
2023-06-21,1,1,1,1,1,0.115
2023-06-22,1,1,1,1,1,0.118
2023-06-23,1,1,1,1,1,0.108
2023-06-26,1,1,1,1,1,0.109
2023-06-27,1,1,1,1,1,0.109
2023-06-28,1,1,1,1,1,0.106
2023-06-29,1,1,1,1,1,0.106
2023-06-30,1,1,1,1,1,0.103
2023-07-03,1,1,1,1,1,0.105
2023-07-05,1,1,1,1,1,0.097
2023-07-06,1,1,1,1,1,0.097
2023-07-07,1,1,1,1,1,0.102
2023-07-10,1,1,1,1,1,0.102
2023-07-11,1,1,1,1,1,0.100
2023-07-12,1,1,1,1,1,0.102
2023-07-13,1,1,1,1,1,0.101
2023-07-14,1,1,1,1,1,0.102
2023-07-17,1,1,1,1,1,0.103
2023-07-18,1,1,1,1,1,0.095
2023-07-19,1,1,1,1,1,0.092
2023-07-20,1,1,1,1,1,0.089
2023-07-21,1,1,1,1,1,0.090
2023-07-24,1,1,1,1,1,0.090
2023-07-25,1,1,1,1,1,0.083
2023-07-26,1,1,1,1,1,0.080
2023-07-27,1,1,1,1,1,0.074
2023-07-28,1,1,1,1,1,0.080
2023-07-31,1,1,1,1,1,0.084
2023-08-01,1,1,1,1,1,0.077
2023-08-02,1,1,1,1,1,0.079
2023-08-03,1,0,1,1,1,0.094
2023-08-04,1,0,1,1,1,0.090
2023-08-07,1,0,1,1,1,0.092
2023-08-08,1,0,1,1,1,0.095
2023-08-09,1,0,1,1,1,0.095
2023-08-10,1,0,0,1,1,0.095
2023-08-11,1,0,0,1,1,0.090
2023-08-14,1,0,0,1,1,0.090
2023-08-15,1,0,0,1,1,0.092
2023-08-16,0,0,0,1,0,0.095
2023-08-17,0,0,0,1,0,0.097
2023-08-18,0,0,0,1,0,0.098
2023-08-21,0,0,0,1,0,0.098
2023-08-22,0,0,0,1,0,0.100
2023-08-23,0,0,0,1,0,0.099
2023-08-24,0,0,0,1,0,0.109
2023-08-25,0,0,0,1,0,0.116
2023-08-28,0,0,0,1,0,0.113
2023-08-29,0,0,0,1,0,0.115
2023-08-30,1,1,0,1,1,0.128
2023-08-31,1,1,1,1,1,0.120
2023-09-01,1,1,1,1,1,0.119
2023-09-05,1,1,1,1,1,0.118
2023-09-06,1,1,0,1,1,0.115
2023-09-07,0,1,0,1,0,0.117
2023-09-08,0,1,0,1,0,0.115
2023-09-11,0,1,0,1,0,0.115
2023-09-12,1,1,1,1,1,0.117
2023-09-13,0,1,0,1,0,0.117
2023-09-14,0,1,1,1,0,0.109
2023-09-15,1,1,1,1,1,0.109
2023-09-18,0,0,1,1,0,0.120
2023-09-19,0,0,1,1,0,0.120
2023-09-20,0,0,1,1,0,0.119
2023-09-21,0,0,1,1,0,0.123
2023-09-22,0,0,0,1,0,0.129
2023-09-25,0,0,0,1,0,0.121
2023-09-26,0,0,0,1,0,0.119
2023-09-27,0,0,0,1,0,0.126
2023-09-28,0,0,0,1,0,0.111
2023-09-29,0,0,0,1,0,0.113
2023-10-02,0,0,0,1,0,0.113
2023-10-03,0,0,0,1,0,0.112
2023-10-04,0,0,0,1,0,0.118
2023-10-05,0,0,0,1,0,0.122
2023-10-06,0,0,0,1,0,0.122
2023-10-09,0,0,0,1,0,0.132
2023-10-10,0,0,0,1,0,0.131
2023-10-11,0,1,0,1,0,0.133
2023-10-12,0,1,0,1,0,0.134
2023-10-13,0,1,0,1,0,0.130
2023-10-16,0,1,0,1,0,0.120
2023-10-17,0,1,0,1,0,0.127
2023-10-18,0,1,0,1,0,0.126
2023-10-19,0,1,0,1,0,0.131
2023-10-20,0,0,0,1,0,0.122
2023-10-23,0,0,0,1,0,0.128
2023-10-24,0,0,0,1,0,0.126
2023-10-25,0,0,0,1,0,0.120
2023-10-26,0,0,0,1,0,0.129
2023-10-27,0,0,0,1,0,0.132
2023-10-30,0,0,0,1,0,0.132
2023-10-31,0,0,0,0,0,0.140
2023-11-01,0,0,0,0,0,0.135
2023-11-02,0,0,0,0,0,0.138
2023-11-03,0,1,1,0,0,0.153
2023-11-06,1,1,1,0,0,0.151
2023-11-07,1,1,1,0,0,0.149
2023-11-08,1,1,1,0,0,0.149
2023-11-09,1,1,1,0,0,0.148
2023-11-10,1,1,1,0,0,0.149
2023-11-13,1,1,1,0,0,0.158
2023-11-14,1,1,1,0,0,0.154
2023-11-15,1,1,1,0,0,0.167
2023-11-16,1,1,1,0,0,0.158
2023-11-17,1,1,1,0,0,0.153
2023-11-20,1,1,1,0,0,0.143
2023-11-21,1,1,1,0,0,0.142
2023-11-22,1,1,1,0,0,0.143
2023-11-24,1,1,1,1,1,0.128
2023-11-27,1,1,1,1,1,0.115
2023-11-28,1,1,1,1,1,0.112
2023-11-29,1,1,1,1,1,0.110
2023-11-30,1,1,1,1,1,0.112
2023-12-01,1,1,1,1,1,0.109
2023-12-04,1,1,1,1,1,0.095
2023-12-05,1,1,1,1,1,0.096
2023-12-06,1,1,1,1,1,0.097
2023-12-07,1,1,1,1,1,0.099
2023-12-08,1,1,1,1,1,0.101
2023-12-11,1,1,1,1,1,0.094
2023-12-12,1,1,1,1,1,0.082
2023-12-13,1,1,1,1,1,0.081
2023-12-14,1,1,1,1,1,0.068
2023-12-15,1,1,1,1,1,0.068
2023-12-18,1,1,1,1,1,0.074
2023-12-19,1,1,1,1,1,0.075
2023-12-20,1,1,1,1,1,0.073
2023-12-21,1,1,1,1,1,0.092
2023-12-22,1,1,1,1,1,0.096
2023-12-26,1,1,1,1,1,0.096
2023-12-27,1,1,1,1,1,0.095
2023-12-28,1,1,1,1,1,0.095
2023-12-29,1,1,1,1,1,0.095
2024-01-02,1,1,1,1,1,0.096
2024-01-03,1,1,1,1,1,0.099
2024-01-04,1,1,1,1,1,0.102
2024-01-05,1,0,1,1,1,0.103
2024-01-08,1,0,1,1,1,0.101
2024-01-09,1,1,1,1,1,0.108
2024-01-10,1,1,1,1,1,0.109
2024-01-11,1,1,1,1,1,0.109
2024-01-12,1,1,1,1,1,0.109
2024-01-16,1,1,1,1,1,0.099
2024-01-17,1,1,1,1,1,0.100
2024-01-18,1,0,1,1,1,0.100
2024-01-19,1,1,1,1,1,0.102
2024-01-22,1,1,1,1,1,0.109
2024-01-23,1,1,1,1,1,0.094
2024-01-24,1,1,1,1,1,0.090
2024-01-25,1,1,1,1,1,0.090
2024-01-26,1,1,1,1,1,0.090
2024-01-29,1,1,1,1,1,0.091
2024-01-30,1,1,1,1,1,0.093
2024-01-31,1,1,1,1,1,0.092
2024-02-01,1,1,1,1,1,0.109
2024-02-02,1,1,1,1,1,0.110
2024-02-05,1,1,1,1,1,0.112
2024-02-06,1,1,1,1,1,0.114
2024-02-07,1,1,1,1,1,0.106
2024-02-08,1,1,1,1,1,0.107
2024-02-09,1,1,1,1,1,0.107
2024-02-12,1,1,1,1,1,0.107
2024-02-13,1,1,1,1,1,0.107
2024-02-14,1,1,1,0,0,0.119
2024-02-15,1,1,1,0,0,0.118
2024-02-16,1,1,1,0,0,0.117
2024-02-20,1,1,1,1,1,0.114
2024-02-21,1,1,1,0,0,0.117
2024-02-22,1,1,1,0,0,0.117
2024-02-23,1,1,1,0,0,0.134
2024-02-26,1,1,1,0,0,0.134
2024-02-27,1,1,1,0,0,0.135
2024-02-28,1,1,1,0,0,0.133
2024-02-29,1,1,1,0,0,0.134
2024-03-01,1,1,1,0,0,0.117
2024-03-04,1,1,1,1,1,0.113
2024-03-05,1,1,1,1,1,0.110
2024-03-06,1,1,1,0,0,0.117
2024-03-07,1,1,1,0,0,0.117
2024-03-08,1,1,1,0,0,0.119
2024-03-11,1,1,1,0,0,0.123
2024-03-12,1,1,1,0,0,0.122
2024-03-13,1,1,1,0,0,0.126
2024-03-14,1,1,1,1,1,0.114
2024-03-15,1,1,1,1,1,0.112
2024-03-18,1,1,1,0,0,0.117
2024-03-19,1,1,1,0,0,0.117
2024-03-20,1,1,1,0,0,0.115
2024-03-21,1,1,1,0,0,0.117
2024-03-22,1,1,1,1,1,0.097
2024-03-25,1,1,1,1,1,0.098
2024-03-26,1,1,1,1,1,0.097
2024-03-27,1,1,1,1,1,0.098
2024-03-28,1,1,1,1,1,0.100
2024-04-01,1,1,1,1,1,0.100
2024-04-02,1,1,1,1,1,0.096
2024-04-03,1,1,1,1,1,0.099
2024-04-04,1,1,1,1,1,0.091
2024-04-05,1,0,1,1,1,0.101
2024-04-08,1,1,1,1,1,0.101
2024-04-09,1,1,1,1,1,0.098
2024-04-10,1,1,1,1,1,0.098
2024-04-11,1,0,0,1,1,0.098
2024-04-12,1,0,1,1,1,0.101
2024-04-15,1,0,0,0,0,0.112
2024-04-16,0,0,0,0,0,0.115
2024-04-17,0,0,0,0,0,0.113
2024-04-18,0,0,0,1,0,0.112
2024-04-19,0,0,0,1,0,0.105
2024-04-22,0,0,0,1,0,0.105
2024-04-23,0,0,0,0,0,0.112
2024-04-24,0,0,0,0,0,0.122
2024-04-25,0,0,0,0,0,0.122
2024-04-26,0,0,0,0,0,0.118
2024-04-29,0,0,0,0,0,0.124
2024-04-30,0,1,0,0,0,0.125
2024-05-01,0,0,0,0,0,0.133
2024-05-02,0,0,0,0,0,0.133
2024-05-03,0,0,0,0,0,0.133
2024-05-06,0,1,0,0,0,0.135
2024-05-07,1,1,0,0,0,0.140
2024-05-08,1,1,0,0,0,0.140
2024-05-09,1,1,1,0,0,0.136
2024-05-10,1,1,1,0,0,0.135
2024-05-13,1,1,1,0,0,0.125
2024-05-14,1,1,1,0,0,0.115
2024-05-15,1,1,1,0,0,0.114
2024-05-16,1,1,1,0,0,0.116
2024-05-17,1,1,1,0,0,0.116
2024-05-20,1,1,1,1,1,0.108
2024-05-21,1,1,1,1,1,0.107
2024-05-22,1,1,1,1,1,0.102
2024-05-23,1,1,1,1,1,0.103
2024-05-24,1,1,1,1,1,0.106
2024-05-28,1,1,1,1,1,0.104
2024-05-29,1,1,1,1,1,0.104
2024-05-30,1,1,1,1,1,0.090
2024-05-31,1,0,1,1,1,0.092
2024-06-03,1,1,1,1,1,0.091
2024-06-04,1,1,1,1,1,0.084
2024-06-05,1,1,1,1,1,0.078
2024-06-06,1,1,1,1,1,0.086
2024-06-07,1,1,1,1,1,0.086
2024-06-10,1,1,1,1,1,0.085
2024-06-11,1,1,1,1,1,0.085
2024-06-12,1,1,1,1,1,0.085
2024-06-13,1,1,1,1,1,0.088
2024-06-14,1,1,1,1,1,0.079
2024-06-17,1,1,1,1,1,0.078
2024-06-18,1,1,1,1,1,0.081
2024-06-20,1,1,1,1,1,0.081
2024-06-21,1,1,1,1,1,0.082
2024-06-24,1,1,1,1,1,0.085
2024-06-25,1,1,1,1,1,0.080
2024-06-26,1,1,1,1,1,0.078
2024-06-27,1,1,1,1,1,0.078
2024-06-28,1,1,1,1,1,0.072
2024-07-01,1,1,1,1,1,0.068
2024-07-02,1,1,1,1,1,0.064
2024-07-03,1,1,1,1,1,0.066
2024-07-05,1,1,1,1,1,0.067
2024-07-08,1,1,1,1,1,0.058
2024-07-09,1,1,1,1,1,0.058
2024-07-10,1,1,1,1,1,0.057
2024-07-11,1,1,1,1,1,0.063
2024-07-12,1,1,1,1,1,0.073
2024-07-15,1,1,1,1,1,0.072
2024-07-16,1,1,1,1,1,0.072
2024-07-17,1,1,1,1,1,0.073
2024-07-18,1,1,1,1,1,0.088
2024-07-19,1,1,1,1,1,0.093
2024-07-22,1,0,1,1,1,0.096
2024-07-23,1,1,1,1,1,0.100
2024-07-24,1,1,1,1,1,0.099
2024-07-25,0,0,0,0,0,0.128
2024-07-26,0,0,0,0,0,0.129
2024-07-29,1,0,0,0,0,0.135
2024-07-30,1,0,1,0,0,0.135
2024-07-31,0,0,0,0,0,0.136
2024-08-01,1,0,1,0,0,0.144
2024-08-02,0,0,0,0,0,0.150
2024-08-05,0,0,0,0,0,0.161
2024-08-06,0,0,0,0,0,0.186
2024-08-07,0,0,0,0,0,0.191
2024-08-08,0,0,0,0,0,0.185
2024-08-09,0,0,0,0,0,0.206
2024-08-12,0,0,0,0,0,0.205
2024-08-13,0,0,0,0,0,0.205
2024-08-14,0,1,0,0,0,0.213
2024-08-15,0,1,0,0,0,0.209
2024-08-16,1,1,1,0,0,0.217
2024-08-19,1,1,1,0,0,0.215
2024-08-20,1,1,1,0,0,0.215
2024-08-21,1,1,1,0,0,0.215
2024-08-22,1,1,1,0,0,0.197
2024-08-23,1,1,1,0,0,0.199
2024-08-26,1,1,1,0,0,0.198
2024-08-27,1,1,1,0,0,0.199
2024-08-28,1,1,1,0,0,0.197
2024-08-29,1,1,1,0,0,0.192
2024-08-30,1,1,1,0,0,0.186
2024-09-03,1,1,1,0,0,0.172
2024-09-04,1,1,1,0,0,0.152
2024-09-05,1,1,1,0,0,0.152
2024-09-06,1,0,1,0,0,0.149
2024-09-09,0,0,1,0,0,0.145
2024-09-10,0,0,1,0,0,0.149
2024-09-11,0,0,1,0,0,0.149
2024-09-12,1,0,1,0,0,0.143
2024-09-13,1,1,1,0,0,0.145
2024-09-16,1,1,1,0,0,0.134
2024-09-17,1,1,1,0,0,0.134
2024-09-18,1,1,1,0,0,0.131
2024-09-19,1,1,1,0,0,0.131
2024-09-20,1,1,1,0,0,0.143
2024-09-23,1,1,1,0,0,0.141
2024-09-24,1,1,1,0,0,0.137
2024-09-25,1,1,1,0,0,0.137
2024-09-26,1,1,1,0,0,0.137
2024-09-27,1,1,1,0,0,0.136
2024-09-30,1,1,1,0,0,0.136
2024-10-01,1,1,1,0,0,0.133
2024-10-02,1,1,1,0,0,0.115
2024-10-03,1,1,1,0,0,0.115
2024-10-04,1,1,1,0,0,0.114
2024-10-07,1,1,1,1,1,0.096
2024-10-08,1,1,1,1,1,0.100
2024-10-09,1,1,1,1,1,0.103
2024-10-10,1,1,1,1,1,0.100
2024-10-11,1,1,1,1,1,0.098
2024-10-14,1,1,1,1,1,0.098
2024-10-15,1,1,1,1,1,0.101
2024-10-16,1,1,1,1,1,0.106
2024-10-17,1,1,1,1,1,0.105
2024-10-18,1,1,1,1,1,0.089
2024-10-21,1,1,1,1,1,0.087
2024-10-22,1,1,1,1,1,0.087
2024-10-23,1,1,1,1,1,0.087
2024-10-24,1,1,1,1,1,0.094
2024-10-25,1,1,1,1,1,0.093
2024-10-28,1,1,1,1,1,0.093
2024-10-29,1,1,1,1,1,0.092
2024-10-30,1,1,1,1,1,0.085
2024-10-31,1,1,1,1,1,0.086
2024-11-01,1,0,1,0,0,0.112
2024-11-04,1,0,0,0,0,0.109
2024-11-05,1,0,1,1,1,0.104
2024-11-06,1,0,1,1,1,0.108
2024-11-07,1,1,1,0,0,0.135
2024-11-08,1,1,1,0,0,0.137
2024-11-11,1,1,1,0,0,0.136
2024-11-12,1,1,1,0,0,0.134
2024-11-13,1,1,1,0,0,0.131
2024-11-14,1,1,1,0,0,0.131
2024-11-15,1,1,1,0,0,0.134
2024-11-18,1,1,1,0,0,0.141
2024-11-19,1,1,1,0,0,0.142
2024-11-20,1,1,1,0,0,0.142
2024-11-21,1,1,1,0,0,0.138
2024-11-22,1,1,1,0,0,0.139
2024-11-25,1,1,1,0,0,0.139
2024-11-26,1,1,1,0,0,0.139
2024-11-27,1,1,1,0,0,0.139
2024-11-29,1,1,1,0,0,0.140
2024-12-02,1,1,1,0,0,0.116
2024-12-03,1,1,1,0,0,0.116
2024-12-04,1,1,1,0,0,0.115
2024-12-05,1,1,1,0,0,0.110
2024-12-06,1,1,1,1,1,0.077
2024-12-09,1,1,1,1,1,0.073
2024-12-10,1,1,1,1,1,0.075
2024-12-11,1,1,1,1,1,0.076
2024-12-12,1,1,1,1,1,0.079
2024-12-13,1,1,1,1,1,0.082
2024-12-16,1,1,1,1,1,0.078
2024-12-17,1,1,1,1,1,0.060
2024-12-18,1,1,1,1,1,0.063
2024-12-19,0,0,0,0,0,0.125
2024-12-20,0,0,0,0,0,0.125
2024-12-23,0,0,0,0,0,0.127
2024-12-24,0,0,0,0,0,0.126
2024-12-26,1,1,1,0,0,0.146
2024-12-27,1,1,1,0,0,0.144
2024-12-30,1,0,0,0,0,0.148
2024-12-31,0,0,0,0,0,0.151
2025-01-02,0,0,0,0,0,0.151
2025-01-03,0,0,0,0,0,0.151
2025-01-06,0,0,0,0,0,0.156
2025-01-07,1,0,0,0,0,0.158
2025-01-08,0,0,0,0,0,0.162
2025-01-10,0,0,0,0,0,0.161
2025-01-13,0,0,0,0,0,0.168
2025-01-14,0,0,0,0,0,0.165
2025-01-15,0,0,0,0,0,0.165
2025-01-16,0,1,0,0,0,0.179
2025-01-17,0,1,0,0,0,0.178
2025-01-21,1,1,0,0,0,0.182
2025-01-22,1,1,1,0,0,0.149
2025-01-23,1,1,1,0,0,0.150
2025-01-24,1,1,1,0,0,0.149
2025-01-27,1,1,1,0,0,0.148
2025-01-28,1,1,0,0,0,0.141
2025-01-29,1,1,1,0,0,0.144
2025-01-30,1,1,1,0,0,0.140
2025-01-31,1,1,1,0,0,0.133
2025-02-03,1,1,1,0,0,0.134
2025-02-04,1,1,1,0,0,0.136
2025-02-05,1,1,1,0,0,0.132
2025-02-06,1,1,1,0,0,0.131
2025-02-07,1,1,1,0,0,0.124
2025-02-10,1,1,1,0,0,0.129
2025-02-11,1,1,1,1,1,0.116
2025-02-12,1,1,1,1,1,0.116
2025-02-13,1,1,1,0,0,0.118
2025-02-14,1,1,1,1,1,0.107
2025-02-18,1,1,1,1,1,0.107
2025-02-19,1,1,1,1,1,0.102
2025-02-20,1,1,1,1,1,0.099
2025-02-21,1,1,1,1,1,0.098
2025-02-24,1,0,0,1,1,0.113
2025-02-25,0,0,0,1,0,0.114
2025-02-26,0,0,0,1,0,0.105
2025-02-27,0,0,0,1,0,0.100
2025-02-28,0,0,0,1,0,0.113
2025-03-03,0,0,0,0,0,0.125
2025-03-04,0,0,0,0,0,0.136
2025-03-05,0,0,0,0,0,0.140
2025-03-06,0,0,0,0,0,0.143
2025-03-07,0,0,0,0,0,0.152
2025-03-11,0,0,0,0,0,0.153
2025-03-12,0,0,0,0,0,0.189
2025-03-13,0,0,0,0,0,0.188
2025-03-14,0,0,0,0,0,0.189
2025-03-17,0,0,0,0,0,0.208
2025-03-18,0,0,0,0,0,0.206
2025-03-19,0,0,0,0,0,0.207
2025-03-20,0,0,0,0,0,0.212
2025-03-21,0,0,0,0,0,0.211
2025-03-24,0,0,0,0,0,0.211
2025-03-25,0,0,0,0,0,0.217
2025-03-26,0,1,0,0,0,0.217
2025-03-27,0,0,0,0,0,0.220
2025-03-28,0,0,0,0,0,0.220
2025-03-31,0,0,0,0,0,0.223
2025-04-01,0,0,0,0,0,0.217
2025-04-02,0,0,0,0,0,0.211
2025-04-03,0,0,0,0,0,0.210
2025-04-04,0,0,0,0,0,0.264
2025-04-07,0,0,0,0,0,0.325
2025-04-08,0,0,0,0,0,0.323
2025-04-09,0,0,0,0,0,0.308
2025-04-10,0,0,0,0,0,0.450
2025-04-11,0,0,0,0,0,0.463
2025-04-14,0,0,0,0,0,0.462
2025-04-15,0,0,0,0,0,0.462
2025-04-16,0,0,0,0,0,0.461
2025-04-17,0,0,0,0,0,0.464
2025-04-21,0,0,0,0,0,0.464
2025-04-22,0,0,0,0,0,0.469
2025-04-23,0,0,0,0,0,0.474
2025-04-24,0,0,0,0,0,0.479
2025-04-25,0,1,0,0,0,0.485
2025-04-28,0,1,0,0,0,0.486
2025-04-29,0,1,0,0,0,0.481
2025-04-30,0,1,0,0,0,0.481
2025-05-01,0,1,0,0,0,0.481
2025-05-02,0,1,0,0,0,0.481
2025-05-05,1,1,1,0,0,0.449
2025-05-06,1,1,1,0,0,0.388
2025-05-07,1,1,1,0,0,0.390
2025-05-08,1,1,1,0,0,0.383
2025-05-09,1,1,1,0,0,0.235
2025-05-12,1,1,1,0,0,0.196
2025-05-13,1,1,1,0,0,0.215
2025-05-14,1,1,1,0,0,0.215
2025-05-15,1,1,1,0,0,0.214
2025-05-16,1,1,1,0,0,0.190
2025-05-19,1,1,1,0,0,0.189
2025-05-20,1,1,1,0,0,0.156
2025-05-21,1,1,1,0,0,0.146
2025-05-22,1,1,1,0,0,0.162
2025-05-23,1,1,1,0,0,0.151
2025-05-27,1,1,1,0,0,0.154
2025-05-28,1,1,1,0,0,0.165
2025-05-29,1,1,1,0,0,0.168
2025-05-30,1,1,1,0,0,0.167
2025-06-02,1,1,1,0,0,0.167
2025-06-03,1,1,1,0,0,0.162
2025-06-04,1,1,1,0,0,0.160
2025-06-05,1,1,1,0,0,0.155
2025-06-06,1,1,1,0,0,0.157
2025-06-09,1,1,1,0,0,0.159
2025-06-10,1,1,1,0,0,0.158
2025-06-11,1,1,1,1,1,0.117
2025-06-12,1,1,1,1,1,0.116
2025-06-13,1,1,1,1,1,0.116
2025-06-16,1,1,1,1,1,0.124
2025-06-17,1,1,1,1,1,0.126
2025-06-18,1,1,1,1,1,0.130
2025-06-20,1,1,1,1,1,0.129
2025-06-23,1,0,1,1,1,0.116
2025-06-24,1,1,1,1,1,0.120
2025-06-25,1,1,1,1,1,0.120
2025-06-26,1,1,1,1,1,0.101
2025-06-27,1,1,1,1,1,0.100
2025-06-30,1,1,1,1,1,0.100
2025-07-01,1,1,1,1,1,0.100
2025-07-02,1,1,1,1,1,0.100
2025-07-03,1,1,1,1,1,0.099
2025-07-07,1,1,1,1,1,0.100
2025-07-08,1,1,1,1,1,0.102
2025-07-09,1,1,1,1,1,0.099
2025-07-10,1,1,1,1,1,0.100
2025-07-11,1,1,1,1,1,0.099
2025-07-14,1,1,1,1,1,0.100
2025-07-15,1,1,1,1,1,0.099
2025-07-16,1,1,1,1,1,0.090
2025-07-17,1,1,1,1,1,0.085
2025-07-18,1,1,1,1,1,0.078
2025-07-21,1,1,1,1,1,0.078
2025-07-22,1,1,1,1,1,0.072
2025-07-23,1,1,1,1,1,0.068
2025-07-24,1,1,1,1,1,0.064
2025-07-25,1,1,1,1,1,0.064
2025-07-28,1,1,1,1,1,0.062
2025-07-29,1,1,1,1,1,0.061
2025-07-30,1,1,1,1,1,0.062
2025-07-31,1,1,1,1,1,0.062
2025-08-01,1,1,1,1,1,0.064
2025-08-04,1,0,0,1,1,0.083
2025-08-05,1,1,1,1,1,0.095
2025-08-06,1,0,1,1,1,0.097
2025-08-07,1,1,1,1,1,0.098
2025-08-08,1,1,1,1,1,0.098
2025-08-11,1,1,1,1,1,0.099
2025-08-12,1,1,1,1,1,0.100
2025-08-13,1,1,1,1,1,0.104
2025-08-14,1,1,1,1,1,0.104
2025-08-15,1,1,1,1,1,0.103
2025-08-18,1,1,1,1,1,0.103
2025-08-19,1,1,1,1,1,0.103
2025-08-20,1,1,1,1,1,0.106
2025-08-21,1,1,1,1,1,0.103
2025-08-22,1,0,1,1,1,0.103
2025-08-25,1,1,1,1,1,0.115
2025-08-26,1,1,1,1,1,0.116
2025-08-27,1,1,1,1,1,0.117
2025-08-28,1,1,1,1,1,0.116
2025-08-29,1,1,1,1,1,0.115
2025-09-02,1,1,1,1,1,0.100
2025-09-03,1,0,1,1,1,0.093
2025-09-04,1,1,1,1,1,0.091
2025-09-05,1,1,1,1,1,0.092
2025-09-08,1,1,1,1,1,0.093
2025-09-09,1,1,1,1,1,0.090
2025-09-10,1,1,1,1,1,0.090
2025-09-11,1,1,1,1,1,0.083
2025-09-12,1,1,1,1,1,0.087
2025-09-15,1,1,1,1,1,0.087
2025-09-16,1,1,1,1,1,0.087
2025-09-17,1,1,1,1,1,0.087
2025-09-18,1,1,1,1,1,0.084
2025-09-19,1,1,1,1,1,0.083
2025-09-22,1,1,1,1,1,0.081
2025-09-23,1,1,1,1,1,0.066
2025-09-24,1,1,1,1,1,0.068
2025-09-25,1,1,1,1,1,0.069
2025-09-26,1,1,1,1,1,0.072
2025-09-29,1,1,1,1,1,0.074
2025-09-30,1,1,1,1,1,0.069
2025-10-01,1,1,1,1,1,0.062
2025-10-02,1,1,1,1,1,0.062
2025-10-03,1,1,1,1,1,0.057
2025-10-06,1,1,1,1,1,0.055
2025-10-07,1,1,1,1,1,0.055
2025-10-08,1,1,1,1,1,0.058
2025-10-09,1,1,1,1,1,0.060
2025-10-10,1,1,1,1,1,0.057
2025-10-13,1,0,0,1,1,0.113
2025-10-14,1,0,1,0,0,0.123
2025-10-15,1,0,1,0,0,0.123
2025-10-16,1,0,1,0,0,0.124
2025-10-17,1,0,0,0,0,0.125
2025-10-20,1,0,1,0,0,0.127
2025-10-21,1,1,1,0,0,0.131
2025-10-22,1,1,1,0,0,0.129
2025-10-23,1,1,1,0,0,0.130
2025-10-24,1,1,1,0,0,0.129
2025-10-27,1,1,1,0,0,0.131
2025-10-28,1,1,1,0,0,0.136
2025-10-29,1,1,1,0,0,0.136
2025-10-30,1,1,1,0,0,0.135
2025-10-31,1,1,1,0,0,0.142
2025-11-03,1,1,1,0,0,0.142
2025-11-04,1,1,1,0,0,0.141
2025-11-05,1,1,1,0,0,0.148
2025-11-06,1,1,1,0,0,0.147
2025-11-07,1,0,0,0,0,0.151
2025-11-10,1,0,1,1,1,0.115
2025-11-11,1,1,1,1,1,0.116
2025-11-12,1,1,1,1,1,0.115
2025-11-13,1,1,1,1,1,0.115
2025-11-14,1,0,1,0,0,0.128
2025-11-17,1,0,1,0,0,0.127
2025-11-18,0,0,0,1,0,0.126
2025-11-19,0,0,0,0,0,0.129
2025-11-20,0,0,0,0,0,0.129
2025-11-21,0,0,0,0,0,0.137
2025-11-24,0,0,0,0,0,0.139
2025-11-25,0,0,0,0,0,0.143
2025-11-26,1,1,0,0,0,0.147
2025-11-28,1,1,0,0,0,0.149
2025-12-01,1,1,1,0,0,0.146
2025-12-02,1,1,0,0,0,0.146
2025-12-03,1,1,0,0,0,0.146
2025-12-04,1,1,1,0,0,0.140
2025-12-05,1,1,1,0,0,0.140
2025-12-08,1,1,1,0,0,0.134
2025-12-09,1,1,1,0,0,0.134
2025-12-10,1,1,1,1,1,0.124
2025-12-11,1,1,1,1,1,0.126
2025-12-12,1,1,1,1,1,0.126
2025-12-15,1,1,1,1,1,0.117
2025-12-16,1,1,1,1,1,0.117
2025-12-17,1,1,1,1,1,0.112
2025-12-18,0,0,1,1,0,0.115
2025-12-19,1,0,1,1,1,0.117
2025-12-22,1,1,1,1,1,0.101
2025-12-23,1,1,1,1,1,0.098
2025-12-24,1,1,1,1,1,0.087
2025-12-26,1,1,1,1,1,0.083
2025-12-29,1,1,1,1,1,0.080
2025-12-30,1,1,1,1,1,0.080
2025-12-31,1,1,1,1,1,0.079
2026-01-02,1,0,1,1,1,0.083
2026-01-05,1,0,0,1,1,0.083
2026-01-06,1,1,1,1,1,0.086
2026-01-07,1,1,1,1,1,0.088
2026-01-08,1,1,1,1,1,0.088
2026-01-09,1,1,1,1,1,0.088
2026-01-12,1,1,1,1,1,0.088
2026-01-13,1,1,1,1,1,0.088
2026-01-14,1,1,1,1,1,0.078
2026-01-15,1,1,1,1,1,0.080
2026-01-16,1,1,1,1,1,0.079
2026-01-20,1,1,1,1,1,0.067
2026-01-21,0,0,1,1,0,0.098
2026-01-22,1,0,1,1,1,0.103
2026-01-23,1,1,1,1,1,0.103
2026-01-26,1,1,1,1,1,0.101
2026-01-27,1,1,1,1,1,0.102
2026-01-28,1,1,1,1,1,0.103
2026-01-29,1,1,1,1,1,0.102
2026-01-30,1,1,1,1,1,0.102
2026-02-02,1,1,1,1,1,0.099
2026-02-03,1,1,1,1,1,0.100
2026-02-04,1,0,1,1,1,0.103
2026-02-05,1,0,0,1,1,0.102
2026-02-06,0,0,0,1,0,0.111
2026-02-09,1,1,1,0,0,0.131
2026-02-10,1,1,0,0,0,0.130
2026-02-11,1,1,0,0,0,0.130
2026-02-12,1,1,0,0,0,0.130
2026-02-13,0,0,0,0,0,0.140
2026-02-17,0,0,0,0,0,0.140
2026-02-18,0,0,0,0,0,0.140
2026-02-19,0,0,1,0,0,0.121
2026-02-20,0,0,0,1,0,0.115
2026-02-23,1,1,1,1,1,0.116
2026-02-24,0,0,0,0,0,0.122
2026-02-25,0,0,0,0,0,0.123
2026-02-26,1,1,0,0,0,0.126
2026-02-27,1,1,0,0,0,0.127
2026-03-02,0,0,0,0,0,0.128
2026-03-03,0,0,0,0,0,0.128
2026-03-04,0,0,0,0,0,0.129
2026-03-05,0,0,0,0,0,0.129
2026-03-06,0,0,0,0,0,0.129
2026-03-09,0,0,0,0,0,0.130
2026-03-10,0,0,0,1,0,0.114
2026-03-11,0,0,0,1,0,0.112
2026-03-12,0,0,0,1,0,0.112
2026-03-13,0,0,0,0,0,0.122
2026-03-16,0,0,0,1,0,0.113
2026-03-17,0,0,0,0,0,0.119
2026-03-18,0,0,0,0,0,0.120
2026-03-19,0,0,0,0,0,0.125
2026-03-20,0,0,0,0,0,0.125
2026-03-23,0,0,0,0,0,0.132
2026-03-24,0,0,0,0,0,0.137
2026-03-25,0,0,0,0,0,0.133
2026-03-26,0,0,0,0,0,0.130
2026-03-27,0,0,0,0,0,0.140
2026-03-30,0,0,0,0,0,0.148
2026-03-31,0,0,0,0,0,0.148
2026-04-01,0,0,0,0,0,0.184
2026-04-02,0,0,0,0,0,0.184
2026-04-06,0,0,0,0,0,0.184
2026-04-07,0,1,0,0,0,0.181
2026-04-08,0,1,0,0,0,0.178
2026-04-09,1,1,0,0,0,0.200
2026-04-10,1,1,1,0,0,0.201
2026-04-13,1,1,1,0,0,0.193
2026-04-14,1,1,1,0,0,0.193
2026-04-15,1,1,1,0,0,0.195
2026-04-16,1,1,1,0,0,0.196
2026-04-17,1,1,1,0,0,0.187
2026-04-20,1,1,1,0,0,0.188
2026-04-21,1,1,1,0,0,0.173
2026-04-22,1,1,1,0,0,0.176
2026-04-23,1,1,1,0,0,0.176
2026-04-24,1,1,1,0,0,0.178
2026-04-27,1,1,1,0,0,0.160
2026-04-28,1,1,1,0,0,0.138
2026-04-29,1,1,1,0,0,0.140
2026-04-30,1,1,1,1,1,0.115
2026-05-01,1,1,1,1,1,0.116
2026-05-04,1,1,1,1,1,0.115
2026-05-05,1,1,1,0,0,0.119
2026-05-06,1,1,1,0,0,0.119
2026-05-07,1,1,1,1,1,0.099
2026-05-08,1,1,1,1,1,0.101
2026-05-11,1,1,1,1,1,0.101
2026-05-12,1,1,1,1,1,0.099
2026-05-13,1,1,1,1,1,0.096
2026-05-14,1,1,1,1,1,0.095
2026-05-15,1,1,1,1,1,0.096
2026-05-18,1,1,1,1,1,0.104
2026-05-19,1,1,1,1,1,0.104
2026-05-20,1,1,1,1,1,0.103
2026-05-21,1,1,1,1,1,0.103
2026-05-22,1,1,1,1,1,0.101
2026-05-26,1,1,1,1,1,0.099
2026-05-27,1,1,1,1,1,0.100
2026-05-28,1,1,1,1,1,0.097
2026-05-29,1,1,1,1,1,0.097
2026-06-01,1,1,1,1,1,0.094
2026-06-02,1,1,1,1,1,0.094
2026-06-03,1,1,1,1,1,0.091
2026-06-04,1,1,1,1,1,0.095
2026-06-05,1,1,1,1,1,0.086
2026-06-08,1,0,1,0,0,0.128
2026-06-09,1,0,1,0,0,0.125
2026-06-10,1,0,0,0,0,0.125
2026-06-11,1,0,0,0,0,0.136
2026-06-12,1,0,0,0,0,0.148
2026-06-15,1,0,0,0,0,0.146
2026-06-16,1,1,1,0,0,0.152
2026-06-17,1,1,1,0,0,0.154
2026-06-18,1,0,1,0,0,0.159
2026-06-22,1,0,1,0,0,0.157
2026-06-23,1,0,1,0,0,0.158
2026-06-24,1,0,0,0,0,0.165
2026-06-25,1,0,0,0,0,0.163
2026-06-26,0,0,0,0,0,0.163
2026-06-29,0,0,0,0,0,0.161
2026-06-30,1,0,0,0,0,0.172
2026-07-01,1,1,0,0,0,0.174
2026-07-02,1,1,0,0,0,0.174
2026-07-06,1,1,0,0,0,0.173
2026-07-07,1,1,0,0,0,0.175
2026-07-08,1,1,1,0,0,0.149
2026-07-09,1,1,1,0,0,0.149
2026-07-10,1,1,1,0,0,0.151
2026-07-13,1,1,1,0,0,0.139
2026-07-14,1,1,1,0,0,0.132
2026-07-15,1,1,1,0,0,0.132
2026-07-16,1,1,1,0,0,0.117
2026-07-17,1,1,1,0,0,0.117
2026-07-20,0,0,1,1,0,0.114
2026-07-21,0,0,0,1,0,0.111
2026-07-22,1,1,1,1,1,0.114
2026-07-23,1,1,1,1,1,0.101
2026-07-24,0,0,1,1,0,0.111
2026-07-27,0,0,1,1,0,0.111
2026-07-28,0,0,1,1,0,0.109
2026-07-29,0,0,0,1,0,0.095
2026-07-30,0,0,0,1,0,0.104
2026-07-31,0,0,0,0,0,0.121
2026-08-03,1,1,1,0,0,0.123
2026-08-04,1,1,1,0,0,0.130
2026-08-05,1,1,1,0,0,0.141
2026-08-06,1,1,1,0,0,0.140
2026-08-07,1,1,1,0,0,0.139
2026-08-10,1,1,1,0,0,0.139
2026-08-11,1,1,1,0,0,0.135
2026-08-12,1,1,1,0,0,0.136
2026-08-13,1,1,1,0,0,0.136
2026-08-14,1,1,1,0,0,0.135
2026-08-17,1,1,1,0,0,0.129
2026-08-18,1,1,1,0,0,0.130
2026-08-19,1,1,1,0,0,0.132
2026-08-20,1,1,1,0,0,0.132
2026-08-21,1,1,1,0,0,0.127
2026-08-24,1,1,1,0,0,0.127
2026-08-25,1,1,1,0,0,0.128
2026-08-26,1,1,1,0,0,0.128
2026-08-27,1,0,1,1,1,0.112
2026-08-28,1,1,1,1,1,0.102
2026-08-31,1,1,1,1,1,0.101
2026-09-01,1,0,1,1,1,0.090
2026-09-02,1,0,0,1,1,0.070
2026-09-03,1,0,0,1,1,0.072
2026-09-04,1,1,1,1,1,0.081
2026-09-08,1,1,0,1,1,0.080
2026-09-09,1,0,0,1,1,0.081
2026-09-10,1,0,0,1,1,0.082
2026-09-11,0,0,0,1,0,0.084
2026-09-14,1,0,0,1,1,0.085
2026-09-15,1,0,0,1,1,0.086
2026-09-16,0,0,0,1,0,0.086
2026-09-17,0,0,0,1,0,0.084
2026-09-18,1,0,0,1,1,0.094
2026-09-21,1,0,0,1,1,0.089
2026-09-22,1,1,1,1,1,0.104
2026-09-23,1,1,1,1,1,0.103
2026-09-24,1,1,1,1,1,0.106
