date,open,high,low,close,volume,vwap,n
2021-06-01,238,238.4,232.46,236.2,13163619,235.656189,161788
2021-06-02,234.4,238.29,233.9,234.62,8667807,235.471839,90575
2021-06-03,232.89,233.18,229.43,230.84,7978412,231.23887,98917
2021-06-04,231.63,237.89,231.52,237.48,9664717,235.850557,119899
2021-06-07,236.6,239.47,235.84,238.14,5559550,238.026113,74356
2021-06-08,238.8,241.79,235.67,236.42,8717033,237.831262,107199
2021-06-09,238.87,238.87,235.51,236.09,5116492,236.931158,74097
2021-06-10,236,240.29,235.15,240.19,7316724,238.553264,90645
2021-06-11,239.03,240.37,238.41,240.31,7581959,239.737737,80596
2021-06-14,240.7,246.64,240.48,246.26,7544173,245.454232,99071
2021-06-15,245.21,245.355,242.01,242.58,5618046,243.492882,74555
2021-06-16,242,245.01,239.48,242.39,5694864,242.51059,84475
2021-06-17,242,247.18,241.2,244.43,5741045,244.659287,87331
2021-06-18,241.85,246.01,241.06,242.78,10505764,243.049807,86442
2021-06-21,243.45,244.72,238.89,244.48,6620677,243.58204,79472
2021-06-22,243.8,244.72,240.8895,243.11,4931904,242.80448,73101
2021-06-23,243.75,244.5,240.85,241.84,4874750,242.228001,69350
2021-06-24,243.35,247.69,242.7,243.77,5346109,244.814835,77820
2021-06-25,244.19,244.2,240.99,241.87,20639501,242.059754,82698
2021-06-28,244.21,247.59,243.6,244.57,4815788,245.081982,76855
2021-06-29,244.44,246.78,242.43,245.81,4256326,245.144939,82487
2021-06-30,245.48,246.625,243.5,244.27,4833349,244.671661,70116
2021-07-01,244.5,246.59,242.62,244.98,4309309,244.41924,65296
2021-07-02,246.92,248.96,245.84,248.2,4489852,247.897432,63539
2021-07-06,249,252.92,248.3759,250.25,6022927,250.311963,101824
2021-07-07,253,253.5,247.86,248.44,6003868,249.585338,82450
2021-07-08,244.84,246.58,241.74,245.8,5778232,244.82817,89539
2021-07-09,245.59,248,244.09,245.06,4635962,245.629198,78017
2021-07-12,247.23,247.26,241.85,242.91,5970961,243.126738,90292
2021-07-13,242.29,247.155,241.68,244.02,7015779,244.739567,96323
2021-07-14,244.5,246.145,239.87,242.43,6872324,242.480251,96213
2021-07-15,241.22,242.025,235.8201,237.58,8518328,237.715427,124594
2021-07-16,238.3,240.88,237.77,238.43,7894577,238.919518,93193
2021-07-19,236.51,238.5,234.3101,237.55,9601872,236.611715,147565
2021-07-20,238.7,243.18,236.27,240.11,9527222,240.436253,125665
2021-07-21,241.44,242.98,238.27,242.11,19055194,241.978808,113628
2021-07-22,243.5,248.7,243.34,248.28,8276580,247.123346,113473
2021-07-23,250,250.56,246.68,248.25,6771873,248.438525,82679
2021-07-26,248.2,248.48,245.82,247.6,4285353,247.432354,66716
2021-07-27,247.21,248.13,241.19,243.51,6789585,243.803818,85150
2021-07-28,243.82,246.08,243,243.96,4468305,244.337073,65094
2021-07-29,243.49,246.16,243.49,244.04,3476890,244.704351,61886
2021-07-30,243,244.24,241.63,241.93,4450395,242.27271,61415
2021-08-02,242.31,242.47,238.88,240.86,3817344,240.899333,69664
2021-08-03,241.38,243.05,239.04,241.13,3229894,240.6988,59838
2021-08-04,241.62,244.65,239.67,244.17,4441930,242.824589,72884
2021-08-05,244.68,250.9015,243.5418,250.56,5681640,249.348498,91693
2021-08-06,249.23,252.08,249.22,250.59,4370433,250.591391,71079
2021-08-09,251.42,252.42,247.85,249.32,4044384,249.684956,54686
2021-08-10,250.87,251.25,243.04,243.39,4879523,245.008792,78262
2021-08-11,244.67,246.15,240.1,242.28,4362537,242.26638,74960
2021-08-12,242.5,248.43,241.93,248.39,5214974,246.949872,71532
2021-08-13,251.71,253.77,248.87,251.56,6328289,251.568034,86390
2021-08-16,250.17,251,244.47,249.2,4375190,248.075623,72204
2021-08-17,248.26,249.2,245.94,246.99,3776479,247.177516,66277
2021-08-18,248,256.795,247.72,251.22,8707457,253.312019,120890
2021-08-19,249.17,255.4399,248.38,253.07,6952333,252.638223,103190
2021-08-20,253,257.87,252.61,256.13,6083311,256.118339,89457
2021-08-23,257,261.855,256.57,260.52,8024070,260.201461,114723
2021-08-24,261.92,262.5,259.0588,259.66,7107234,260.597855,105234
2021-08-25,260.86,261.9,258.745,260.85,10080995,260.529318,138349
2021-08-26,269.8,275.22,267.36,267.79,19485748,271.964372,254035
2021-08-27,267.86,270.91,265.43,266.53,8377233,267.413267,120412
2021-08-30,265.81,267.58,264.75,264.97,6026967,265.737097,101622
2021-08-31,264.77,266.77,262.7,265.27,6624840,265.327508,91875
2021-09-01,266.27,273.26,265.59,268.32,7577693,269.444804,109950
2021-09-02,269,269.26,263.92,264.15,4948243,265.507241,82655
2021-09-03,263.6,267.41,261.8001,267.08,7796717,265.342604,123092
2021-09-07,266.54,267.9,264.07,265.21,5009996,265.470008,88377
2021-09-08,263.62,264.34,261.58,262.62,4102571,262.785343,65782
2021-09-09,261.82,263.71,260.451,260.74,4430842,261.509767,69325
2021-09-10,261,261.5899,256.5,257.2,5742916,257.72892,86876
2021-09-13,257,257.6891,252.19,254.11,5640896,253.712858,96921
2021-09-14,254.11,255.11,253,254.37,4457705,254.120104,75509
2021-09-15,254.54,256.745,252.95,256.16,5738685,255.588333,72377
2021-09-16,255.53,261.22,255,260.36,5899541,259.205566,82678
2021-09-17,259.27,261.7,258.68,260.53,8532890,260.269969,82403
2021-09-20,256.59,259.215,254.94,258.22,6976530,257.440297,96340
2021-09-21,259.47,262.55,257.77,257.97,6980082,259.05203,89533
2021-09-22,258.9,260.359,256.21,259.17,4929201,259.098006,73842
2021-09-23,270,279.39,266.4,277.86,16366166,274.813811,215330
2021-09-24,278.5,286.36,278.21,285.63,13837298,283.821556,183916
2021-09-27,282.44,283.76,279.04,279.68,6326752,280.793093,96972
2021-09-28,275.11,276.7,270.04,272.28,7796103,273.054282,130955
2021-09-29,273.49,274.6822,269.24,270.5,4829884,271.439931,83490
2021-09-30,270.65,274.26,270.44,271.22,5967277,271.849783,87455
2021-10-01,271.5,276.34,268.77,275.26,5320611,273.880939,91383
2021-10-04,275.22,275.3,266.14,270.86,7091517,269.822306,108609
2021-10-05,272.11,273.549,271.03,271.77,4502167,272.236499,65919
2021-10-06,269.67,275.49,267.5,275.27,5383576,273.623117,72326
2021-10-07,276.9,279.5,274.085,274.58,5700489,276.243647,82273
2021-10-08,275.54,276.92,272.27,272.48,2937870,273.650867,50406
2021-10-11,271.78,276.27,271.51,273.75,3015795,274.466162,48986
2021-10-12,276.42,280.7496,276.0242,279,6634895,278.915149,79132
2021-10-13,280,285.1,278.6,284.41,7720619,283.803925,81100
2021-10-14,286,290.64,284.66,290.02,6002215,289.067792,84825
2021-10-15,292.49,292.87,289.32,291.66,5690629,291.522696,70786
2021-10-18,290.78,293.25,288.71,291.7,5762519,291.539353,65832
2021-10-19,292.1,295.53,291.36,292.34,4102882,293.031999,64987
2021-10-20,293.11,295.41,287.95,290.09,4966428,290.057532,76938
2021-10-21,289.47,291.5741,288.27,289.81,3411287,290.064203,48632
2021-10-22,289,293,288.18,292.56,3285725,291.205619,54729
2021-10-25,293.3,294,293.3,293.92,398656,293.802362,58
2021-10-26,295.78,298.36,293.62,295.11,3915094,295.741728,67836
2021-10-27,296.53,299.19,295.09,295.15,4204163,296.497306,69394
2021-10-28,295.07,298.8099,293.53,298.38,4081518,297.136101,63698
2021-10-29,298,300.78,296.27,299.69,4838669,298.754519,67885
2021-11-01,301.5,304.86,299.72,302.76,4289438,302.010001,71718
2021-11-02,301.72,303.44,299.41,302.95,4718845,302.083628,69706
2021-11-03,303.95,303.95,298.19,302.89,3838419,302.13945,53378
2021-11-04,303.5,308.41,302.4,308.04,4527727,307.229816,67537
2021-11-05,308.5,311.4,303.34,307.25,5184228,307.256728,78227
2021-11-08,307.2,311.39,305.9001,309.96,4363685,309.452585,61808
2021-11-09,310,311.75,307.22,309.71,3445815,309.336901,63700
2021-11-10,306.57,308.59,297.885,299.67,4832584,301.996354,88329
2021-11-11,301.5,305.75,301.5,302.98,3021618,303.385967,55624
2021-11-12,304.5,307.22,301.63,306.65,4330643,305.041409,68756
2021-11-15,306.9,307.76,303.23,305.49,4564366,305.382634,56495
2021-11-16,304.08,307.58,302.721,307.09,3436299,306.231761,58319
2021-11-17,307.78,309.9,307.25,308.02,4444661,308.409484,67013
2021-11-18,306.16,306.99,299.58,302.99,4918025,303.497963,80800
2021-11-19,305.71,306,301.1,301.17,5406238,303.222106,73322
2021-11-22,301.84,305.49,296.72,296.84,4867771,299.873677,90118
2021-11-23,293.65,296.47,288.31,291.42,7082304,291.237969,117568
2021-11-24,286.04,289.4499,283.2,289.17,5613752,287.519297,98597
2021-11-26,284.5,287.57,283.04,284.21,4577362,285.183945,80457
2021-11-29,289.52,298.39,284.7,296.74,8976589,294.22274,141051
2021-11-30,296.19,299.27,283.4,284.96,15806110,287.072977,206454
2021-12-01,271.26,276.94,251.46,251.5,32107835,261.800157,479108
2021-12-02,252.82,262.58,252.1401,261.2,12760018,259.222357,208591
2021-12-03,261.55,261.75,251.71,258.32,9439500,256.288062,168319
2021-12-06,256.1,259.23,250.71,258.75,8399175,257.101146,124671
2021-12-07,265.47,270.23,263.6,266.99,8442516,267.153342,124196
2021-12-08,268.31,268.5,264.57,266.31,5142620,266.375467,82381
2021-12-09,266.04,266.68,262.64,264.32,4337267,264.561839,81912
2021-12-10,266.1,270.57,264.44,266.03,3933031,266.314001,70392
2021-12-13,265.8,270.56,264.61,265.76,4307723,266.539074,67634
2021-12-14,262,262.15,253.3,255.59,8088714,255.964126,124562
2021-12-15,254.85,260.19,251.9,260.04,7484974,257.407265,115611
2021-12-16,260,261.3499,252.22,253.12,7727704,254.28879,114146
2021-12-17,251.24,253.9,246.79,252.93,16456421,252.22266,119822
2021-12-20,249.89,251.54,246.5,247.21,6607689,247.838182,93424
2021-12-21,248,253.01,245.25,252.55,6468404,250.7203,92335
2021-12-22,253.42,254.26,249.51,252.8,5469339,252.224597,72682
2021-12-23,251.23,254.31,249.335,253.14,4282534,252.292387,69853
2021-12-27,253.39,258.43,253.24,258.3,4002218,257.082927,64848
2021-12-28,259.73,260.78,254.938,255.45,3873271,256.218761,62126
2021-12-29,256,256.43,253.12,254.54,2942759,254.630978,51754
2021-12-30,255.3,257.9,254.46,255.33,3231697,256.248651,56293
2021-12-31,254.47,256.49,253.63,254.13,3745987,254.748047,53583
2022-01-03,255.01,256.7,248.65,255.46,4761574,253.742175,90634
2022-01-04,256.85,256.87,243.395,248.23,7786969,247.961516,142771
2022-01-05,236.17,238.2,227.31,227.67,20301538,231.799661,321618
2022-01-06,228.04,234.48,226.0532,229.15,9985278,230.301519,179770
2022-01-07,228.5,232.28,226.05,228.31,6951964,228.549466,103172
2022-01-10,225.5,229.83,218.89,229.63,8358440,224.724446,147734
2022-01-11,228.8,236.35,226.56,234.84,8175644,233.598325,116939
2022-01-12,237,239.28,235.76,237.83,7257422,237.863402,111312
2022-01-13,237.5,238.79,227.92,228.63,7288789,230.854929,117433
2022-01-14,228.03,233.29,227.6074,231.23,6493566,230.415745,106887
2022-01-18,228.45,230.73,225.3,226.06,7025521,226.946101,99929
2022-01-19,227.47,232.21,226.17,226.27,5993105,228.051991,87267
2022-01-20,229.07,231.4,222.49,222.94,6439082,226.067763,93711
2022-01-21,223.06,224.77,218.25,218.63,10153674,220.890929,167024
2022-01-24,212.39,223.03,210.9,223.03,4391181,216.475587,59565
2022-01-25,221,223.9,214.67,215.39,10267091,217.589056,146657
2022-01-26,219.61,221.46,209.07,211,10216622,214.777925,153400
2022-01-27,214.08,223.15,212.06,212.74,10185476,215.615002,152927
2022-01-28,214.3,222.29,210.88,222.13,9058038,218.858051,126576
2022-01-31,222.95,232.91,222.26,232.63,8182772,230.070193,116094
2022-02-01,232.37,232.78,226.32,232.12,7020390,230.355296,101547
2022-02-02,233.74,234.49,223.0169,225.01,10264689,225.868415,132303
2022-02-03,218.07,220.7909,210.4,212.77,13522850,214.114084,178111
2022-02-04,214.99,221.67,213.19,219.23,6770371,218.203056,97982
2022-02-07,219,221.44,216.66,216.97,4364356,218.268849,78986
2022-02-08,215.6,217.94,212.15,217.43,6349218,216.12171,81661
2022-02-09,221.14,222.19,215.57,222.04,6808735,220.3977,94885
2022-02-10,217.7,221.99,215.81,217.67,5789199,218.492326,101853
2022-02-11,217.62,219.93,206.1121,207.9,9223818,209.91432,135220
2022-02-14,205.8,209.9,204.63,206.4,7713287,207.201805,114082
2022-02-15,209.75,214.57,208.52,214.25,7022578,212.304124,97291
2022-02-16,211,212.42,208.21,211.74,7797161,210.782517,98226
2022-02-17,208.33,209.75,199.5,200.03,9594358,202.275672,145165
2022-02-18,200.4,202.6,195.79,196.84,7247535,197.725345,112065
2022-02-22,195.53,201.46,193.525,195.13,9163226,196.19074,121718
2022-02-23,196.35,199,190.13,190.54,8298288,192.88109,122424
2022-02-24,184.74,204.9,184.44,204.29,14015048,197.981923,184558
2022-02-25,204.724,208.4674,201.61,208.09,6531439,206.60483,102257
2022-02-28,207.79,211.67,206.95,210.53,9111338,209.76182,106750
2022-03-01,213.4,214.39,208.46,208.89,13337140,210.475271,186694
2022-03-02,216.1,217.3096,201.1501,210.39,17875732,209.163308,232874
2022-03-03,210.39,211.63,204.22,204.75,7817660,206.120774,103592
2022-03-04,204.7,206.38,199.26,203.01,7335484,202.207255,113591
2022-03-07,203.45,204.93,196.04,196.23,8000562,198.812817,118356
2022-03-08,194.12,194.12,192.08,192.08,1028491,192.252808,247
2022-03-09,198.35,205.23,197.22,203.16,7546240,202.956658,111715
2022-03-10,199.1,201.2,197.53,200.15,6135463,199.659847,89461
2022-03-11,204.77,204.77,197.63,197.9,5889103,199.454499,90089
2022-03-14,198.24,200.16,191.82,193.12,6106916,195.141215,93872
2022-03-15,198.53,199.96,192.74,196.14,6063341,195.610864,73865
2022-03-16,198.66,205.9,197.33,205.57,6698721,203.364456,102356
2022-03-17,204.62,210.68,202.5601,210.41,6431067,208.802853,95036
2022-03-18,209.23,219.58,208.305,218.8,16077833,216.428182,147384
2022-03-21,218.19,219.1,210.61,213.72,6973337,213.961146,107358
2022-03-22,213.72,221.85,212.615,218.21,7928245,218.092066,99722
2022-03-23,213.87,213.93,208.31,211.11,9288587,211.067067,147708
2022-03-24,212.35,214.11,209.87,213.98,4829425,212.842471,70371
2022-03-25,214.27,215.86,208.48,211.03,4069159,210.923038,66232
2022-03-28,210.38,215.38,209.3,215.28,5062558,213.27768,80208
2022-03-29,218.62,222.155,216.77,221.29,6091725,220.276528,99148
2022-03-30,219.71,219.85,213.4,214.94,6241743,215.78076,92036
2022-03-31,214.5,216.79,211.79,212.32,8340057,213.546086,99733
2022-04-01,212.48,214.03,210.04,212.25,6800192,211.843522,91637
2022-04-04,214.63,221,214.1,218.85,8518401,218.795237,98131
2022-04-05,218,218.27,208.67,210.14,7922776,211.666985,113264
2022-04-06,205.21,205.465,198.08,200.82,7909625,200.827773,154649
2022-04-07,199.12,202.72,198.19,200.16,5709447,200.093648,89598
2022-04-08,198.64,200.14,196.62,197.17,3970674,198.102221,67078
2022-04-11,194.21,197.1,192.16,195.45,5267530,195.006099,95612
2022-04-12,199.75,201.12,194.58,194.81,5288095,196.99707,87371
2022-04-13,191.985,197.1,189.32,195.72,9536605,194.604533,118929
2022-04-14,196.32,196.45,189.22,189.41,5865864,191.156034,93061
2022-04-18,188.3,189.35,185.53,187.01,5271583,187.272461,84658
2022-04-19,187.24,192.2,185.52,191.39,6786675,190.582822,76836
2022-04-20,192.89,193.3,186.08,186.23,6602589,187.56044,88369
2022-04-21,188.78,190.17,176.74,177.23,9918364,180.64478,146270
2022-04-22,177.7,179.05,171.1,171.43,9620957,173.167016,143403
2022-04-25,169.69,174.76,169.2278,174.57,8748452,172.652079,120739
2022-04-26,172.62,173.72,167.55,170.08,8842554,170.00407,125762
2022-04-27,171,177.23,170.625,174.68,9747600,174.752411,149048
2022-04-28,181.41,186.93,178.98,185.74,11483560,183.114739,157698
2022-04-29,182.57,185.36,175.3,175.94,8069501,178.730501,109421
2022-05-02,175.09,177.78,173.12,177.57,6793691,176.049097,102670
2022-05-03,176.95,180.385,176.13,178.36,5610672,177.98883,87374
2022-05-04,179.71,185.98,174.74,185.48,8028182,180.615294,117582
2022-05-05,180.49,182.235,169.82,172.3,9309736,173.195742,137272
2022-05-06,169.49,172.43,165.58,169.7,7833895,169.447125,126666
2022-05-09,166.72,170.2885,162.13,163.6,10121485,165.077328,157783
2022-05-10,167.42,171.26,163.275,167.15,9269920,167.099103,141333
2022-05-11,165.5,169.98,160.83,161.27,8123774,163.293921,107682
2022-05-12,156.93,166.85,154.64,160.42,10896266,160.278806,166419
2022-05-13,163.55,168.68,162.01,166.91,7070445,166.42072,103402
2022-05-16,164.74,166.11,161.88,164.12,5587539,164.290675,77202
2022-05-17,167.33,169.1,158.27,163.73,7966473,162.711003,103620
2022-05-18,162.82,164.52,156.19,157.33,7543951,158.826685,101470
2022-05-19,155.23,159.25,154.73,155.6,9193250,156.550221,126168
2022-05-20,158.74,160.73,154.55,159.65,9992234,157.75404,126722
2022-05-23,159.84,160.73,155.91,160.32,6949368,159.424948,88849
2022-05-24,157.77,158.39,154.55,156.93,7659654,156.477904,100224
2022-05-25,155.32,161.89,155.32,159.65,7497243,159.270202,102952
2022-05-26,159.69,163.69,157.57,162.46,7249279,161.611036,102645
2022-05-27,160.67,165.23,160.25,165.1,8666148,163.479684,103476
2022-05-31,166.96,167.28,159.35,160.24,20216730,161.976469,208128
2022-06-01,178.01,184.42,174.37,176.07,38149657,178.860073,387009
2022-06-02,175,190.13,174.7,188.4,20801549,185.46299,218418
2022-06-03,185,189.64,183.8,184.91,9423710,185.799863,129293
2022-06-06,188.93,190.42,181.7,182.87,6334609,184.82039,93165
2022-06-07,181.71,188.6,181.71,187.15,7014730,186.438542,79425
2022-06-08,187,190.5599,185.39,189.19,6298135,188.868213,89295
2022-06-09,188.53,192.6799,186.61,187.11,9325510,189.470499,119438
2022-06-10,183.63,183.95,177.2044,178.45,8652186,179.436148,124582
2022-06-13,170.55,172.68,165.06,166.03,12072061,167.754856,152230
2022-06-14,168.73,169.63,162.15,164.45,9334442,164.384371,117407
2022-06-15,166.73,171.5,164.68,168.55,8892072,168.190547,101471
2022-06-16,163.73,166.9,158.62,159.85,9009459,160.76554,124634
2022-06-17,158.56,166.23,158.17,163.26,16741612,162.617497,123656
2022-06-21,165.05,169.35,164.9,166.83,7564974,167.266849,88230
2022-06-22,164.7,170.45,164.21,167.45,6511129,168.051969,74542
2022-06-23,169.09,173.3899,167.12,173.05,8209576,171.769534,88946
2022-06-24,177.72,186.405,176.55,185.92,14495172,184.061032,138963
2022-06-27,186.11,186.58,180.4715,181.31,6971788,182.244499,86548
2022-06-28,180.29,182.33,171.44,171.46,7414358,173.940434,92737
2022-06-29,172.5,173.78,168.06,170.61,5488459,170.533132,79782
2022-06-30,165.05,167.5,161.11,165.04,10918910,164.538466,129096
2022-07-01,164.76,169.15,164.05,168.2,5106084,167.100112,72653
2022-07-05,166.1,172.35,164.61,172.2,5239639,170.16055,72752
2022-07-06,173.52,175.06,170.83,172.73,4599155,172.719366,66132
2022-07-07,174.17,176.9392,173.17,176.64,4530373,175.772589,61277
2022-07-08,174.05,176.61,172.84,175.5,3317402,175.175796,46942
2022-07-11,174,176.32,171.26,174.36,4055254,174.338053,56091
2022-07-12,172.21,173.38,164.35,166.33,7710291,167.037864,105816
2022-07-13,162.41,165.84,161.17,163.49,6732896,163.73362,91602
2022-07-14,161.03,161.71,157.65,161.04,6762453,160.332729,92723
2022-07-15,163.71,167.61,162.22,167.38,6848134,166.197581,72613
2022-07-18,169.08,172.64,167.11,167.89,4240211,169.586916,59145
2022-07-19,170.92,174.1,167.81,173.81,4975262,172.690958,64786
2022-07-20,176.1,183.4999,175.61,182.45,6198420,181.669909,80913
2022-07-21,180.66,185.53,179.905,185.35,4276680,183.829376,60816
2022-07-22,185.07,187.56,180.93,182.47,4151534,182.975339,58268
2022-07-25,181.83,181.99,175.075,177.29,4824242,177.288454,71248
2022-07-26,177.11,177.13,169.7601,170.46,4312785,171.482545,61081
2022-07-27,174.86,182.23,174.35,180.3,5590737,179.30481,75562
2022-07-28,178.41,181.88,175.93,181.29,4957976,179.9456,73905
2022-07-29,181.82,184.42,180.22,184.02,5665264,183.194719,64418
2022-08-01,181.3,185.18,179.76,182.98,4491071,182.973292,64022
2022-08-02,180.81,185.14,179.4311,183.79,4823312,182.969925,65433
2022-08-03,185.53,190.68,185.37,189.65,6332185,189.12625,84048
2022-08-04,188.56,191.58,187.25,191.27,4168831,190.066934,62731
2022-08-05,187,191.8,186.28,190.17,4525159,189.606488,66796
2022-08-08,191.09,194.37,189.08,189.75,3757423,191.019956,59196
2022-08-09,186.3,187.13,179.82,182.24,6341835,182.218,90952
2022-08-10,188.16,189.569,186.21,188.61,4762684,188.459054,66557
2022-08-11,192.13,192.5,186.32,186.73,4718737,188.090735,61993
2022-08-12,186.63,190.02,185.505,189.89,4367959,188.52481,62009
2022-08-15,189.05,192.105,188.9,191.06,3060583,190.688918,51916
2022-08-16,189.55,190.85,186.36,189.59,4298028,189.051824,66947
2022-08-17,187.72,189.43,186.47,187.96,3569812,187.8126,60292
2022-08-18,188.42,188.57,186.61,187.93,3090071,187.650297,49867
2022-08-19,185.22,185.44,181.58,183.77,4981793,183.470323,73235
2022-08-22,180,180.59,176.06,176.98,5707204,177.39356,84162
2022-08-23,175.88,178.1093,174.905,176,5667340,176.000093,77948
2022-08-24,176.67,181.23,176.06,180.01,12444487,179.735764,158787
2022-08-25,168.58,174.14,165.56,173.91,25056671,169.609591,286281
2022-08-26,173.96,176.3,164.63,165.23,11902564,168.313565,158223
2022-08-29,164.28,165.815,160.05,160.21,10091546,162.161875,129830
2022-08-30,162.14,163.85,158.38,159.67,8812824,160.043614,121810
2022-08-31,159.79,161.21,155.97,156.12,10488342,157.276248,126476
2022-09-01,154.87,155.33,150.87,153.53,10562613,152.786693,151770
2022-09-02,156.46,158.67,152.96,153.69,7883534,155.400576,109185
2022-09-06,152.88,154.43,150.82,151.72,6952244,152.185797,106315
2022-09-07,151.29,154.0615,150.48,153.28,6909897,152.786731,86043
2022-09-08,152.32,157.03,151.78,156.9,7482041,155.523288,81332
2022-09-09,158.6,163.295,158.47,162.59,6196694,161.738779,87840
2022-09-12,163.69,165.66,162.74,165.63,7075265,164.557219,81748
2022-09-13,158.25,161.255,157.81,158.1,6197062,158.983556,90070
2022-09-14,158.59,161.65,158.01,160.28,7059171,160.12388,85969
2022-09-15,156.8,159.84,154.31,154.78,7700785,155.907551,95135
2022-09-16,151.92,152.206,149.56,151.51,12804177,151.249755,114815
2022-09-19,150.71,153.54,150.4,152.83,5440820,151.996044,66254
2022-09-20,151,151.58,148.852,149.8,5984346,150.287109,80419
2022-09-21,151.22,153.3,147.51,147.63,6836128,149.588079,89407
2022-09-22,149.51,152.86,149.15,150.15,13113930,150.5524,154438
2022-09-23,148.07,149.84,144.79,147.01,9989864,146.440443,139425
2022-09-26,147,151.19,145.35,146.32,8457027,147.209608,107958
2022-09-27,148.37,150.61,146.255,148.89,7910064,148.402016,86803
2022-09-28,146,150.875,145.6665,150.17,8808490,149.105819,102397
2022-09-29,148.45,148.98,145.01,146.81,9261311,146.911209,114418
2022-09-30,146.01,148.63,143.75,143.84,8677506,145.395128,102791
2022-10-03,144.98,148.96,143.9,147.9,7611589,146.900319,97528
2022-10-04,151.7,157.415,151.22,155.73,8764043,155.504693,118305
2022-10-05,152.2,156.96,151.9399,156.23,4721890,155.103881,65157
2022-10-06,155.72,158.25,154.441,155.46,4288047,155.889631,59217
2022-10-07,151.8,153.17,149.27,150.29,6672936,150.7424,90016
2022-10-10,150.62,150.9626,144.58,145.64,5982604,146.371799,80366
2022-10-11,144.51,144.97,139.52,142.57,7944072,142.338652,109036
2022-10-12,142.31,143.44,139.58,142.29,6357341,142.086738,86046
2022-10-13,138.96,146.34,137.59,145.44,7146183,143.371988,95534
2022-10-14,147.33,147.7,142,142.22,6546086,143.786678,77170
2022-10-17,146.07,149,145.942,147.18,7096060,147.408931,85298
2022-10-18,156.45,158.97,151.9,153.53,17139333,154.983004,185761
2022-10-19,151.86,155.95,150.64,153.67,6754055,153.634557,83649
2022-10-20,155,161.3,153.6,157.5,9820029,158.043327,117534
2022-10-21,157.5,160.43,154.8182,160.17,9189621,158.4963,83226
2022-10-24,161.18,161.57,158.3968,160.65,7006519,160.497007,87597
2022-10-25,161.7,166.03,161.685,165.27,6497686,164.608626,84802
2022-10-26,159.8,164.12,158.7,159.91,7246326,160.91745,91739
2022-10-27,161.8,164.66,159.32,159.75,5654007,160.91485,74941
2022-10-28,159.51,163.09,158.17,163.02,5919690,161.909252,74483
2022-10-31,162.12,164,161,162.59,5740232,162.6938,64523
2022-11-01,165,165.6999,159.64,159.82,5340097,160.692035,64815
2022-11-02,159.51,159.77,149.96,150.01,7955762,152.896636,114884
2022-11-03,149,150.415,146.13,146.33,6558965,147.580961,96785
2022-11-04,146.5,146.95,136.04,139.77,15337323,139.557295,193942
2022-11-07,140.62,144.93,138.7701,144.59,7379946,142.877707,96712
2022-11-08,145.09,151.56,145.08,147.1,9101759,148.135012,110842
2022-11-09,145.85,146.3255,141.94,142.06,5588538,143.498156,80544
2022-11-10,151,156.37,149.73,156.3,8777927,154.149659,127905
2022-11-11,156.49,159.92,155.58,157.73,7381431,158.195287,106457
2022-11-14,155.82,160.16,154.645,158.66,6580055,158.313627,89398
2022-11-15,162.68,165.25,160.7492,162.07,8116050,163.02551,109862
2022-11-16,160,160.82,153.83,155.12,6454684,155.603401,96351
2022-11-17,150.19,151.76,148.34,149.69,7357904,149.828707,97004
2022-11-18,151.84,152.32,145.645,148.04,7555606,147.735421,97708
2022-11-21,146.02,147.34,143.395,144.85,8015886,144.847063,118837
2022-11-22,145.2,149.38,142.92,149.25,7017708,147.170531,90162
2022-11-23,147.62,152.91,147.55,152.24,5558886,151.16581,81276
2022-11-25,152.07,154.04,151.38,153.35,3023746,152.903568,44046
2022-11-28,152,155.32,152,153.69,7935615,153.771958,96413
2022-11-29,152.72,154.02,151.26,151.68,6398123,152.133337,81090
2022-11-30,150.75,160.25,150.13,160.25,14591528,156.374313,164863
2022-12-01,147.55,147.586,142.08,147,33721470,145.014745,371476
2022-12-02,144.29,145.21,142.78,144.56,15077876,143.847778,190583
2022-12-05,142.8,144.39,132.88,133.93,20294602,136.695169,251252
2022-12-06,132.71,134.55,130.91,133.27,16981804,132.856122,202258
2022-12-07,132.5,133.75,130.02,130.48,12915933,131.058488,154332
2022-12-08,128.43,131.46,127.02,130.13,15156912,129.872098,175307
2022-12-09,129.74,133.37,128.36,131.11,10284367,131.523953,115644
2022-12-12,131.1,134.0889,130.95,133.11,11852355,132.768691,120898
2022-12-13,137.39,139.88,134.04,135.62,12579843,136.59827,149412
2022-12-14,135.01,137.27,133.23,134.75,9611766,135.630153,125388
2022-12-15,131.67,134.115,129.68,130.44,10810351,131.26903,140866
2022-12-16,128.92,129.88,126.8904,128.27,15463049,128.275727,140889
2022-12-19,127.77,129.5799,127.2,129.01,9441407,128.345972,116970
2022-12-20,127.5,129.9865,127.19,128.45,8455518,128.783112,104990
2022-12-21,127.956,132.16,126.6,130.3,9313242,130.487832,118703
2022-12-22,128.67,129.54,126.34,129.19,9972880,128.08253,116480
2022-12-23,128.73,129.86,127.59,129.44,5820587,128.805176,83533
2022-12-27,128.56,131.75,127.65,130.66,8300844,130.223163,110776
2022-12-28,129.71,131.14,128.17,128.47,6249841,129.22754,84482
2022-12-29,129.7,132.95,129.5,132.54,7628826,131.911273,82352
2022-12-30,130.61,132.64,130.36,132.59,5628201,131.634843,74779
2023-01-03,135.19,136.95,133.03,134.78,8196354,134.453146,91134
2023-01-04,141.22,141.85,137.615,139.59,14322576,139.238566,179465
2023-01-05,137.64,138.59,134.24,136.34,8493489,135.911768,112522
2023-01-06,137.58,141.65,135.55,140.51,9144058,139.577675,126664
2023-01-09,142.59,149.2,142.59,147.1,13679737,146.863699,169247
2023-01-10,145.81,149.28,145.6039,147.44,6527711,147.757534,92870
2023-01-11,145.28,147.04,143.56,144.9,13595042,145.12037,141715
2023-01-12,147.84,149.82,143.94,149.6,11678023,148.337245,112554
2023-01-13,146.2,149.96,146.0942,149.51,8376148,148.497921,94458
2023-01-17,149.6,150.49,146.1001,148.47,9407610,148.201899,111472
2023-01-18,148.86,149.54,145.29,145.45,7812580,146.707826,92980
2023-01-19,143.52,146.68,143.16,146.41,7070135,145.351901,84438
2023-01-20,144.3,151.525,144.3,151.25,10117500,149.02104,95090
2023-01-23,157.35,157.87,153.23,155.87,19922870,155.769989,196319
2023-01-24,154.61,160.21,154.5,154.86,6390216,156.351684,82429
2023-01-25,151.21,156.4,149.82,156.17,9390506,153.698942,96361
2023-01-26,158.19,165.17,158.1,165.09,13354588,161.961151,162188
2023-01-27,165.05,167.24,163.6,164.52,9869860,165.549159,127028
2023-01-30,164.07,166.44,163.4,164.75,8169797,165.052436,104737
2023-01-31,164.28,168.01,164.28,167.97,6421297,166.644688,77411
2023-02-01,167.73,173.08,167,171.82,8853905,170.24216,112689
2023-02-02,175.71,178.84,172.9,174.64,10667075,175.377247,130373
2023-02-03,170.02,175.08,169.86,171.04,6481245,171.969146,88473
2023-02-06,168,171.17,167.35,169.05,4310553,169.433344,65083
2023-02-07,167.57,171.73,166.61,171.28,6179220,169.218675,86816
2023-02-08,170,172.45,169.2317,169.63,7694533,170.353535,91180
2023-02-09,173.33,175.38,172.01,173.66,11512319,173.95719,120322
2023-02-10,167.655,169.74,165.33,167.03,11272825,167.035784,132203
2023-02-13,168.28,171.16,166.95,171.08,8820334,170.355729,91397
2023-02-14,168.22,172.79,167.85,169.96,8393074,169.612227,112701
2023-02-15,168.85,171.605,168.24,171.1,4998274,169.940129,70467
2023-02-16,168.99,170.37,167.9573,168.11,7483541,169.031545,74744
2023-02-17,165.03,167.11,162.74,165.17,8083100,164.402571,105946
2023-02-21,163.74,164.51,161.45,161.62,5210800,162.415815,63965
2023-02-22,163.11,165,162.11,163.36,4343685,163.395903,59335
2023-02-23,165.29,165.47,161.57,164.12,4679419,163.402052,68967
2023-02-24,160.59,162.39,159.655,162.2,6566383,161.260659,95231
2023-02-27,163.84,164.77,162.22,163.14,6891182,163.116598,79445
2023-02-28,162.53,164.45,161.53,163.61,6912624,163.429162,87669
2023-03-01,162.99,167.98,162.98,167.35,15841217,166.111328,210916
2023-03-02,193.12,193.91,185.2,186.59,37719871,188.139991,373852
2023-03-03,188.07,189.77,184.29,186.43,12083534,186.794058,144390
2023-03-06,185.07,189,183.625,183.8,10770253,186.345625,131134
2023-03-07,184.455,186.16,183.03,183.32,9024333,184.170024,110192
2023-03-08,183.3,184.9,181.8,182.95,6749072,183.258602,91971
2023-03-09,183.1,183.8441,178.54,178.72,7102401,181.020493,93699
2023-03-10,178.5,179.36,171.71,173.18,14106944,175.06739,140460
2023-03-13,171,177.1,170,175.51,9154604,174.882477,130415
2023-03-14,180,185.31,179.11,182.89,10138054,182.560504,139529
2023-03-15,179.16,183.86,178.21,182.91,7716870,181.553805,109046
2023-03-16,183.3,187.65,182.98,187.3,8370712,186.273788,111401
2023-03-17,186.04,187.66,184.175,184.85,10490221,185.318796,90037
2023-03-20,184.21,185.52,182.65,185.25,5513205,184.546302,72537
2023-03-21,185.87,189.28,184.89,188.68,6982001,187.515695,92232
2023-03-22,190,191.44,186.41,186.51,6575610,188.75743,96400
2023-03-23,187.4,190.56,185.58,187.44,8685007,187.790498,117610
2023-03-24,186.5,190.32,186.09,190.06,6102735,188.705825,84730
2023-03-27,188.92,192.11,188.905,191.26,7776500,190.885475,97389
2023-03-28,191.18,192.83,191.18,192.3,4899041,192.068448,71920
2023-03-29,193.14,197.43,192.88,196.64,8085228,195.692922,97078
2023-03-30,197.77,198.17,195.49,196.6,6932465,196.944291,82762
2023-03-31,197.49,200,196.99,199.78,6633279,199.232188,84735
2023-04-03,198.22,198.93,195.53,196.49,5340770,196.934665,78070
2023-04-04,198.15,198.7025,196.62,197.2,4659099,197.463411,72055
2023-04-05,198,198.29,193.73,195.31,3953707,195.238956,59225
2023-04-06,194,194.07,189.6,192.55,6304734,191.985354,90930
2023-04-10,190.59,192.55,189.28,191.49,5263845,191.457173,67933
2023-04-11,189.06,190.46,187.31,188.89,4907689,188.879254,76339
2023-04-12,190.3,191.885,189.53,190.32,5033376,190.522024,74656
2023-04-13,190.45,194.375,190.45,194.02,4716442,193.376324,69325
2023-04-14,191.85,195.17,191.19,194.65,5071826,193.366951,73711
2023-04-17,195.16,197.52,195.03,197.08,5413374,196.481989,84369
2023-04-18,199.08,200.12,197.06,198.5,4679040,198.534736,74623
2023-04-19,196.3,199.07,195.73,198.92,3665103,198.266501,55515
2023-04-20,197.18,200.0828,196.82,197.51,3619971,198.142539,57905
2023-04-21,197.03,199.12,196.465,199.03,4859729,198.311959,60278
2023-04-24,198.45,198.77,194.0601,194.92,4449683,195.490777,65335
2023-04-25,193.97,194.12,190.63,190.67,5009990,191.699662,72113
2023-04-26,192.62,194.37,190.57,191.52,4007551,192.1705,64652
2023-04-27,194.17,197.51,193.27,195.94,4794364,195.781867,78518
2023-04-28,196.15,198.645,195.27,198.37,4093903,197.854353,60190
2023-05-01,197.76,199.05,197.12,197.79,2882931,197.831546,45533
2023-05-02,198.02,198.41,192.931,193.84,6051017,194.338168,92795
2023-05-03,194.21,195.79,192.56,192.61,3779878,193.741148,61937
2023-05-04,191.9,194.56,190.76,192.38,4386506,192.193235,70456
2023-05-05,193.95,198.11,193.25,197.59,4282456,196.919381,71391
2023-05-08,198.72,200.4999,196.08,197.9,4169404,197.790009,64895
2023-05-09,196.78,203.8,196.78,201.18,6996781,201.415788,105348
2023-05-10,204.94,206.28,203.04,204.85,6535555,204.588434,93418
2023-05-11,202.91,203.8,198.5543,203.47,5366315,202.329712,76330
2023-05-12,203.43,203.964,200.13,201.81,4733025,201.623603,70643
2023-05-15,203.75,205.3999,202.475,203.33,4518205,203.85706,73673
2023-05-16,201.93,205.67,201.75,204.56,4424764,204.388334,69225
2023-05-17,206.495,209.49,204.8,209.38,5772221,207.87385,89992
2023-05-18,209.5,213.88,209.33,213.32,5165465,212.2886,84599
2023-05-19,212.96,213.24,209.93,210.36,6090782,210.847922,79566
2023-05-22,209.17,212.82,209.04,210.26,3890834,211.143382,62942
2023-05-23,207.74,209.64,206.47,206.64,4256810,207.599476,73488
2023-05-24,206.04,210.21,205.42,209.06,4894012,208.238928,83348
2023-05-25,212.02,212.33,208.44,209.91,6496676,209.96473,90707
2023-05-26,212.8,216.15,212.55,215.44,6929716,214.929928,104684
2023-05-30,219.27,222.14,215.73,218.87,10421048,218.121529,164437
2023-05-31,219.55,225,217.06,223.38,19624026,221.329611,235404
2023-06-01,208.22,215.36,206.06,212.9,20907860,212.522145,272305
2023-06-02,212.9,216.14,210.43,213.03,11026890,212.535641,158751
2023-06-05,210.47,212.32,207.055,209.86,8834760,209.898247,141123
2023-06-06,208.55,213.4,208.37,212.85,6795996,211.379994,113779
2023-06-07,214.88,216.66,204.78,205.73,9323897,208.512274,149216
2023-06-08,205.38,210.38,204.85,209.53,5551700,208.478377,93541
2023-06-09,210.69,218.66,210.69,215.31,7679638,215.565237,123625
2023-06-12,216.15,220.39,212.14,213.69,11585180,215.645287,174897
2023-06-13,215.5,216.2326,207.92,208.98,11698917,210.097217,171967
2023-06-14,207.7,211.71,205.02,209.4,8963394,209.192578,137493
2023-06-15,207.95,213.325,207.37,211.92,7905381,211.503252,110130
2023-06-16,213.54,213.65,210.6,211.76,13672662,212.080784,122098
2023-06-20,208.65,217.05,208.61,216.97,9527235,214.158541,136598
2023-06-21,216.52,217.795,208.0701,209.59,7971633,210.917212,109282
2023-06-22,209.63,213.9564,209.09,213.29,5694224,212.214944,93277
2023-06-23,210.5,211,208.07,210.09,14185828,209.742102,104815
2023-06-26,209.02,211.75,207.35,207.36,4771544,208.796831,75108
2023-06-27,208.14,210.48,207.52,208.82,4014757,209.10457,70516
2023-06-28,208.41,212.2,207.6,212.17,4775913,210.968824,80717
2023-06-29,211.9,212.65,209.72,210.43,3838304,210.893583,70945
2023-06-30,211.86,213.85,210.9619,211.26,5880140,212.003886,88178
2023-07-03,210.45,211.96,209.92,211.65,2389262,210.974177,47491
2023-07-05,210.49,214.62,210.09,213.82,5071609,213.355421,89531
2023-07-06,211.2,212.5,207.831,210.14,4254062,209.586287,78307
2023-07-07,209.77,212.11,209.28,209.59,3022152,210.4288,57403
2023-07-10,209,212.87,208.315,212.81,3851734,211.475584,68487
2023-07-11,222.06,222.35,217.24,221.17,10030525,220.170331,161224
2023-07-12,221.9,228.09,221.6132,227.28,8923505,225.173014,147045
2023-07-13,228.26,230.96,227.6,230.37,5800288,229.943146,104927
2023-07-14,229.7,232.2,228.15,229.33,4278737,229.892404,80755
2023-07-17,229.24,230.28,227.81,228,3558251,228.686127,68347
2023-07-18,227.05,229.6208,225.465,227.63,5094241,227.551685,96255
2023-07-19,233.98,238.22,231.2301,234.37,8516490,234.840287,144065
2023-07-20,231.1,233.5,227.32,228.16,5302995,229.551286,104258
2023-07-21,230,230.81,227.29,228.06,3529743,228.356608,68477
2023-07-24,227.26,227.59,223.5401,225.66,5363244,225.140028,81120
2023-07-25,225.88,227.52,225.19,226.03,3203659,226.371712,59522
2023-07-26,224.46,227.51,223.12,225.58,4856674,225.138284,71275
2023-07-27,228.04,230.1399,224.01,225.15,4299575,227.113433,76311
2023-07-28,226,227.31,223.98,225.6,4239279,225.366022,72997
2023-07-31,222.35,225.38,221.75,225.01,5573115,223.989373,92921
2023-08-01,223.89,224.81,221.63,224.27,4214466,223.869873,77000
2023-08-02,221.98,222.85,218.795,220.5,5129663,220.672459,90678
2023-08-03,216.2,218.21,214.6,215.56,5517079,216.012524,99071
2023-08-04,216.41,217.25,213.07,214.59,4800358,215.123905,84306
2023-08-07,215.31,216.8909,214.37,216.06,3615192,215.747424,60001
2023-08-08,213.55,214.19,211.14,211.58,4843818,211.968217,73237
2023-08-09,211.65,211.66,204.91,205.86,7847513,206.864723,127959
2023-08-10,208.18,210.34,206.44,208.25,4004728,208.15711,65474
2023-08-11,206.13,209.5,205.5,208.7,2930777,208.363146,57057
2023-08-14,207.9,212.1,207.12,212.06,3304674,210.736361,62803
2023-08-15,210.33,212.37,207.84,208.78,4076371,209.443643,65919
2023-08-16,208,209.69,206.95,206.99,2759603,207.902031,50717
2023-08-17,206.57,206.93,203.39,203.84,4062742,204.635114,71381
2023-08-18,200.97,205.497,200.2,204.83,4267166,203.883861,72193
2023-08-21,206,209.42,204.22,209.03,4023326,207.488527,73913
2023-08-22,209.85,210.105,206.0018,206.76,3153624,207.567434,57358
2023-08-23,208,210.99,207.14,209.13,3833155,209.470151,66289
2023-08-24,211.01,211.99,205.44,205.51,3960327,206.885285,73644
2023-08-25,205.51,210.79,205.48,209.47,3068821,208.861114,59119
2023-08-28,210.45,213.4767,209.64,211.72,4086853,211.23746,69497
2023-08-29,206.75,212.46,206.52,211.96,5850366,210.638588,102342
2023-08-30,211.77,215.59,209.43,215.04,9946012,213.996761,150629
2023-08-31,228,228.79,221.2,221.46,19268400,223.733079,219363
2023-09-01,223.5,223.97,220.52,221.53,5600940,221.836824,92641
2023-09-05,219.33,220.3199,217.61,218.69,5807336,219.026162,96792
2023-09-06,219.47,222.2099,219.02,221.62,5066666,221.016586,86904
2023-09-07,219.77,222.73,219.31,222.53,4201916,221.878196,70468
2023-09-08,223.32,225.47,222.86,224.76,4580357,224.34408,77035
2023-09-11,226.01,226.825,222.79,225.31,4417971,224.945031,78343
2023-09-12,223.45,224.79,221.26,221.66,4002280,222.655251,75519
2023-09-13,221.18,221.86,218.295,218.8,4173593,219.392588,80005
2023-09-14,219.42,220.574,218.34,218.78,4297204,219.086381,60627
2023-09-15,218.87,219.1899,213.46,214.61,9939044,215.364575,109361
2023-09-18,214.56,216.38,214.18,215,4279578,215.049087,58908
2023-09-19,214.39,216.06,212.26,215.7,4002205,214.821231,60916
2023-09-20,215.2,217.18,212.92,213.03,2991595,214.428008,48471
2023-09-21,209.8,211.8925,208.07,208.61,4957896,209.095602,72376
2023-09-22,209.31,209.72,205.88,206.43,3848594,207.211394,62125
2023-09-25,205,206.53,203.87,206.34,4067310,205.695783,63820
2023-09-26,205.47,206.44,201.28,202.49,5404505,202.899155,82816
2023-09-27,202.99,203.93,200.94,202.73,4123792,202.532427,64968
2023-09-28,200.76,205.15,199.5503,203.2,4344036,202.856485,67148
2023-09-29,205.08,207.79,202.1,202.78,4407395,203.940195,68932
2023-10-02,200.8,205.11,200.52,203.71,3745919,202.8797,64887
2023-10-03,202.75,203.565,197.42,199.83,4622361,199.428789,75669
2023-10-04,200.88,202.7399,199.51,201.87,3656351,201.646472,58362
2023-10-05,202,202.15,198.4901,202.01,3592615,201.066831,54996
2023-10-06,200.48,208.27,199.89,207.36,4989189,206.270577,77728
2023-10-09,204.89,208.28,204.69,207.22,2781323,206.694123,55412
2023-10-10,207.64,209.2154,206.26,206.88,4503477,207.556061,64341
2023-10-11,207.23,209.2,204.41,206.85,3971002,206.441448,63553
2023-10-12,207.83,208.58,203.27,205.68,3548637,206.138659,59069
2023-10-13,205.11,207.14,203.21,204.59,3678410,204.931553,59417
2023-10-16,205.84,209.49,205.04,208.53,3623225,208.45178,60410
2023-10-17,206.49,211.94,206,209.84,4006091,209.957082,63697
2023-10-18,208.88,209.63,204.19,204.83,3380758,205.581894,56548
2023-10-19,206.45,210.95,205.53,208.32,4995931,208.708147,85797
2023-10-20,207.36,208.11,202.12,203.73,5539078,204.480237,79809
2023-10-23,199.9,203.57,197.85,202,4564117,201.336244,78949
2023-10-24,203.73,204.64,200.925,204.22,3959709,203.334376,66773
2023-10-25,203.2,203.74,195.43,197.06,4489978,197.89828,85601
2023-10-26,197.42,199.66,193.68,196.25,5149061,196.32919,88468
2023-10-27,197.3,198.31,195.41,196.57,3168555,196.65163,60007
2023-10-30,199,200.58,197.08,199.27,3438457,199.132088,58905
2023-10-31,200.42,201.91,198.66,200.83,3425427,200.804293,55772
2023-11-01,200.92,204.49,200.49,203.91,3593562,203.198079,65068
2023-11-02,206.31,208.26,205.95,208.11,4963629,207.551188,74910
2023-11-03,209.39,210.18,207.2,207.47,3861881,208.207084,72881
2023-11-06,208.21,208.48,204.69,207.42,3729659,206.571572,68395
2023-11-07,209.5,213.34,208.955,211.84,5467114,211.811025,82217
2023-11-08,212.42,212.52,209.65,211.47,3433467,211.3283,64123
2023-11-09,213.57,213.58,209.07,210.01,4731435,210.576865,70121
2023-11-10,209.4,214.265,208.8448,213.63,4113415,212.761925,67407
2023-11-13,212.57,216.14,211.76,215.28,3306627,214.806383,54513
2023-11-14,219,221.25,217.95,221.18,4743829,220.280533,82405
2023-11-15,220.75,221.37,217.66,219.42,4800680,219.441879,80772
2023-11-16,220,222.77,218.94,221.45,3712534,221.030713,61156
2023-11-17,221.17,222.79,220.38,221.22,3636398,221.324269,62276
2023-11-20,221.43,226.1,220.62,225.13,4600982,224.481458,81636
2023-11-21,224,225.97,223.54,224.32,3852326,224.559922,63526
2023-11-22,224.3,225.6894,223.21,223.84,3894415,224.246613,72288
2023-11-24,224.36,224.49,222.12,224.38,1874513,224.023662,29902
2023-11-27,225.5,226.22,224.25,224.79,4885508,225.145562,86213
2023-11-28,223.61,225.53,222.23,224.92,5535337,224.481288,84210
2023-11-29,228.61,231.5,227.26,230.35,12327444,230.137649,190180
2023-11-30,249.05,252.5,243.65,251.9,24425717,248.925761,311254
2023-12-01,250,263.43,249.7,260,14538234,258.762684,200733
2023-12-04,252.8,255.12,249.85,250.66,11429249,251.727939,169042
2023-12-05,249.99,251.67,248.64,251.02,5771514,250.198387,98022
2023-12-06,251.52,253.9827,248.85,249.13,5374769,250.795718,81994
2023-12-07,248.75,250.73,246.8861,248.85,6568249,248.84398,94501
2023-12-08,248.55,252.09,248,250.81,4605805,250.825383,69157
2023-12-11,250,253.52,249.71,252.1,4765980,252.320978,74873
2023-12-12,251.8,256.58,251.02,256.45,5827551,255.207535,88711
2023-12-13,257.51,259.12,255.16,257.32,6567630,257.098839,98977
2023-12-14,256.5,258.77,253.22,257.21,6613211,256.084208,108448
2023-12-15,255.01,262.31,254.51,261.6,13739532,260.077779,105747
2023-12-18,259.82,265.59,259.68,263.59,7498521,263.554184,105884
2023-12-19,265.47,266.58,263.7351,264.34,4665500,264.917878,75992
2023-12-20,261.66,264.92,260.08,260.25,4510533,262.334464,75019
2023-12-21,264.75,268.36,264.24,267.25,5160697,266.31738,86879
2023-12-22,267.26,268.15,265.3,266.34,3110591,266.668545,57563
2023-12-26,265.53,266.53,264.62,266.22,3219024,265.643954,51038
2023-12-27,265.94,267.01,265.4,266.72,3386951,266.239636,51505
2023-12-28,266.5,266.92,265.3,265.58,2958714,266.059368,55203
2023-12-29,265.01,265.6491,262.655,263.14,3706552,263.552386,59709
2024-01-02,260.54,260.56,253.77,256.13,4741418,256.207491,86810
2024-01-03,253.5,254.16,251.77,251.84,5097120,252.521139,81349
2024-01-04,251.83,252.64,249.84,251.24,4489773,251.488789,69200
2024-01-05,251.21,253.91,250.17,251.12,3675979,251.617991,60802
2024-01-08,252.21,261.56,251.39,260.87,6626012,259.487354,101790
2024-01-09,259.5,263.93,258.78,261.34,4571839,261.889966,73154
2024-01-10,263.27,266.46,262.75,264.13,5128300,264.280495,84600
2024-01-11,268,272.96,265.1,271.38,9012600,269.891594,131676
2024-01-12,271.23,275.24,271.06,271.93,4847604,272.578875,81792
2024-01-16,269.7,271.565,267.72,269.19,5858670,269.618363,95801
2024-01-17,268.29,271.9,264.13,271.44,4706498,269.656314,88430
2024-01-18,273,275.69,272.14,274.46,4752437,274.172765,80406
2024-01-19,276.51,282,275.5279,280.88,7413577,279.628868,100845
2024-01-22,283.79,285.72,280.17,280.3,6735912,282.44603,95289
2024-01-23,280.83,281.71,275.71,276.77,6573810,277.572037,101223
2024-01-24,279.98,280.96,276.69,276.88,7037765,278.226137,93535
2024-01-25,278.61,279.8528,276.86,279.03,4178020,278.547086,77085
2024-01-26,279.28,283.34,278.685,279.94,4877365,280.688452,76792
2024-01-29,281.4,288.15,281,287.86,5762263,285.562255,89459
2024-01-30,287.63,289.29,286.5157,287.73,4810928,287.997922,82790
2024-01-31,284.05,285.63,280.82,281.09,4557283,282.617068,75340
2024-02-01,282.01,285.05,281.36,283.8,3218346,283.493503,60029
2024-02-02,285.2,288.16,283.16,285.66,3629843,286.048624,68811
2024-02-05,286.25,289.05,281.36,288.11,5274790,286.472436,87262
2024-02-06,287.94,288.64,281.91,285.83,4207846,285.805885,71991
2024-02-07,287.35,289.8,285.2,288.84,3621376,288.282969,59645
2024-02-08,289.3,293.11,288.98,291.95,4488432,291.473549,77115
2024-02-09,293.25,295.24,291.05,291.3,4376347,292.279035,79130
2024-02-12,290.82,291,287,287.32,3750035,288.268889,70233
2024-02-13,280.41,283.4299,276.4223,281.15,4956553,280.758776,93269
2024-02-14,285,289.46,284.64,289.15,3850721,288.012634,70503
2024-02-15,291.34,292,288.01,291.94,3986522,290.953345,67138
2024-02-16,292,292.07,287.88,289.72,4159391,290.252008,78469
2024-02-20,289.5,290.85,284.155,286.39,4285328,286.313648,75927
2024-02-21,280.07,283.57,278.355,283.55,3799041,281.043899,76787
2024-02-22,292,294.63,291.4,293.65,5264297,293.281811,95875
2024-02-23,298,298,291.08,292.8,4416764,293.348321,79791
2024-02-26,295.59,303.8299,295,300.39,8719272,300.288229,144217
2024-02-27,301.58,301.75,296.6,299.5,6178836,298.864352,117193
2024-02-28,299.58,300.875,296.61,299.77,12490784,299.480434,197058
2024-02-29,300,310.54,294.79,308.82,21738615,304.851937,273300
2024-03-01,307,318.715,306.6151,316.88,9366647,315.732864,163771
2024-03-04,314.57,317.655,313.54,314.64,9349980,315.390676,126993
2024-03-05,311.31,312.55,296.14,298.75,9015308,301.556605,148345
2024-03-06,304.645,305.89,302.735,303.77,8440036,304.313532,107196
2024-03-07,306,306.77,301.75,302.42,6788862,303.194074,82149
2024-03-08,302.2,308.87,302.2,305.28,4851635,306.222804,85145
2024-03-11,302.64,307.605,300.25,306,4895493,305.046889,90316
2024-03-12,306.71,309.04,303.87,306.62,4831976,306.533954,90284
2024-03-13,305,307.73,303.11,304.68,5548843,305.63361,79071
2024-03-14,305,309.49,301.995,303.32,4828755,304.230962,88177
2024-03-15,298.96,300.05,293.77,294.33,11885105,295.355274,119430
2024-03-18,299.62,300.97,296.02,300.51,5240467,299.253859,73727
2024-03-19,298.18,301.77,296.62,301.45,3329873,299.949248,59785
2024-03-20,301.97,307.02,300.685,306.08,4946571,304.719545,74539
2024-03-21,307.94,311.8,306.35,308.39,6083853,309.391303,94112
2024-03-22,309.32,310.23,306.65,307.77,3779208,308.170432,60806
2024-03-25,303.7,307.71,302.54,306.06,4141223,305.688312,67927
2024-03-26,307.48,307.98,304.89,305.83,3893853,306.291556,67896
2024-03-27,307.44,309.3,298.63,301.38,3859858,301.716293,81564
2024-03-28,300,302.8,299.6348,301.18,4892275,301.073661,70825
2024-04-01,301.69,303.51,299.99,302.26,2918140,301.817561,55951
2024-04-02,297.5,304.457,294.8895,304,4746113,301.549785,81563
2024-04-03,303.99,307.16,303.1,304.74,3047382,305.12165,60941
2024-04-04,308.26,311.3,292.1,294.14,8351020,298.113163,140833
2024-04-05,293.54,303.415,293.295,301.91,4918179,300.218814,78613
2024-04-08,301.1,303.5,299.52,301.73,3142901,301.996509,59375
2024-04-09,303.32,305.6,299.2501,302.37,2998100,301.902999,63742
2024-04-10,298.45,300.92,298.15,299.62,3036384,299.4224,63350
2024-04-11,299.47,301.09,296.4077,299.15,3468596,298.461035,72932
2024-04-12,296.87,297.85,293.5,294.32,3817068,295.144522,74134
2024-04-15,282.94,286.4766,271.66,272.9,18365087,276.761575,263073
2024-04-16,274.78,280.56,272.4401,277.41,7624347,277.100901,127631
2024-04-17,277.74,278.9678,274.84,276.32,4199384,276.664429,76651
2024-04-18,276.32,276.33,269.75,271.92,5918155,272.296883,97170
2024-04-19,272.49,273.15,268.73,270.37,4913553,270.975431,83332
2024-04-22,279.39,279.7,269.56,273.81,6752204,274.079418,109989
2024-04-23,274.95,276.7,270.41,276.68,6285237,273.760758,106408
2024-04-24,278,278.9393,274.11,276.19,3938845,276.631817,67770
2024-04-25,271.6,273.58,269.28,273.14,4811919,271.946092,84724
2024-04-26,275,276.9,273.4625,274.29,3754585,274.908164,68180
2024-04-29,274.89,277.29,273.2201,275.74,3608840,275.080525,64791
2024-04-30,274.51,274.61,268.355,268.94,5217985,270.644143,80226
2024-05-01,269.02,274,266.55,268.69,3761619,269.300342,69506
2024-05-02,270.43,273.08,267.94,272.13,3859883,271.267039,64175
2024-05-03,276.82,277.67,273.35,273.66,4041636,274.675298,77509
2024-05-06,276.17,277.13,274.06,275.63,3744763,275.452407,68282
2024-05-07,275.59,278.882,274.07,277.18,3507733,277.29333,64143
2024-05-08,275.73,279.94,275.73,278.97,3283270,278.683361,61298
2024-05-09,272.17,275.35,271.0708,275.17,4709740,274.311205,84068
2024-05-10,276.1,279.64,274.97,276.67,2912308,276.745783,57798
2024-05-13,277.14,277.8,275.185,277.52,2998662,277.056312,58076
2024-05-14,276.96,278.86,275.04,276.8,3056843,276.971485,62366
2024-05-15,279.74,287.8,279.73,287.54,5828547,285.39656,100196
2024-05-16,289.42,290.02,284.58,284.68,3559188,286.112296,70881
2024-05-17,287.04,287.34,284.26,285.61,3478869,286.048517,61140
2024-05-20,286,287.7206,285.11,287.07,2799272,286.895624,48819
2024-05-21,286.79,287.22,283.29,283.76,3492113,284.677598,62464
2024-05-22,283.41,287.09,282.835,283.82,3309164,284.664305,58529
2024-05-23,286.68,287,277.46,278.57,5456632,279.84606,88789
2024-05-24,270.93,274.96,268.53,272.29,8325132,271.678009,143034
2024-05-28,273.1,273.225,267.16,269.83,9294119,269.302763,148928
2024-05-29,268,272.865,267.77,271.62,13397852,271.214515,215679
2024-05-30,223.4,225.09,212,218.01,66860913,217.030552,820956
2024-05-31,219.11,234.62,216.06,234.44,36807425,225.595573,437100
2024-06-03,234.62,240.99,230.2101,236.62,19962737,234.266954,260514
2024-06-04,235.72,240.5899,232.2,234.86,11197479,235.920346,157184
2024-06-05,235.64,236.92,231.55,236.53,10772093,234.390641,153183
2024-06-06,239.88,246.75,239.45,242.76,11693763,243.482226,172290
2024-06-07,242.33,243.9299,240.2884,241.85,6883831,242.355958,100692
2024-06-10,241.79,243.64,240.43,241.84,7660118,241.741606,111788
2024-06-11,241.16,243.75,236.26,240.99,7264354,240.393614,119349
2024-06-12,240.56,242.2,234.89,235.8,10260116,237.129633,164856
2024-06-13,235.52,235.65,228.66,229.03,13566707,230.691897,182658
2024-06-14,229.35,235.2499,229.2,231.94,8833734,232.121932,121468
2024-06-17,230.28,231.84,227.77,230.48,10563678,229.750793,142943
2024-06-18,230.48,232.29,229.23,231.81,7119770,230.84949,107009
2024-06-20,232.85,243.77,232.85,241.8,14809627,240.775132,194560
2024-06-21,240.57,245.374,240.19,245.06,15928785,243.826911,158978
2024-06-24,243.19,244.41,239.81,239.94,7545685,241.471803,108714
2024-06-25,241.78,243.1,239.87,241.76,6216627,241.538205,74780
2024-06-26,241.47,243.61,239.901,243.15,4524735,242.017274,72148
2024-06-27,245,258.6,244.45,252.85,12869018,253.567882,163312
2024-06-28,253.5,260.18,253.18,257.1,12603925,257.691398,142925
2024-07-01,258.15,259.4799,254.53,256.21,5871685,256.460331,96176
2024-07-02,255.05,257.73,254.06,256.19,5130593,256.220618,76608
2024-07-03,256.98,261.22,256.935,260.95,4755729,259.877987,60942
2024-07-05,262.72,265.8059,261.315,263.19,6562111,263.743244,97253
2024-07-08,261.38,262.84,257.19,257.37,6539287,258.83802,97581
2024-07-09,256.09,257,251.09,252.43,7017109,252.654638,110280
2024-07-10,251.2,254.8,246.11,252.59,8947679,250.05859,129779
2024-07-11,252.6,255.42,250.92,251.12,5343727,252.200893,79292
2024-07-12,251.62,255.29,249.69,253.97,4705492,253.951065,76428
2024-07-15,256.02,256.39,252.12,252.86,4404270,253.68283,69876
2024-07-16,253.78,256.78,252.67,256.03,4780386,255.268737,72731
2024-07-17,254,255.57,249.61,251.22,5625254,251.869042,84499
2024-07-18,252.14,252.45,245.72,247.35,6351643,248.249541,76091
2024-07-19,248.65,248.99,245.17,247.63,4468875,247.33013,67984
2024-07-22,248.75,255.58,248,254.08,5647588,253.342888,82909
2024-07-23,256.59,257.33,253.7513,256.06,3905543,255.964891,61427
2024-07-24,253.63,255.91,248.9,249.78,5204088,251.28161,70260
2024-07-25,254.74,264.08,251.7245,256.52,7155846,257.86273,119061
2024-07-26,258.17,264.49,257.07,262.71,6127323,262.292705,84730
2024-07-29,262.71,266.075,258.52,258.59,5101425,259.989001,73137
2024-07-30,259.62,260.75,255.12,257.93,3944295,257.462583,59605
2024-07-31,256.21,261.83,255.35,258.8,4647690,258.961098,77645
2024-08-01,259.9,263.36,249.74,253.06,5527395,254.285798,79369
2024-08-02,247.79,248,241.1165,243.97,6504544,243.421867,107056
2024-08-05,232.32,241.82,232.21,239.01,6899342,238.084441,113177
2024-08-06,241.09,243.85,238.03,238.42,5673889,240.526564,93387
2024-08-07,242.61,246.53,239.66,240.04,4035549,242.334857,67265
2024-08-08,243.24,249.43,243.08,249.12,4474252,247.679789,70943
2024-08-09,248.7,252.95,248.45,252.53,2975285,251.646823,61956
2024-08-12,252.6,254.09,249.02,251.31,3679904,250.86045,53896
2024-08-13,253,255.78,253,254.6,4031818,254.483453,65687
2024-08-14,255.39,257.71,253.86,255.32,4145248,255.599271,64441
2024-08-15,257.9,262.89,256.24,262.79,5167930,261.286543,73255
2024-08-16,261.75,263.6,259.68,262.91,3494863,262.608822,58134
2024-08-19,263.1,265.39,261.63,265.38,4501262,264.184382,70881
2024-08-20,264.95,265.5,261.03,261.84,5731309,262.39838,74651
2024-08-21,261.1,262.14,259.18,261.09,4648204,260.884833,71981
2024-08-22,261.5,263.26,257.27,258.59,5111442,259.445701,81849
2024-08-23,261.99,265.6,260.7,264,4711326,263.497934,78714
2024-08-26,263.94,267.3,263.24,265.28,3818271,265.510569,72841
2024-08-27,259.65,264.46,259.4,264.2,5276384,263.134791,88466
2024-08-28,261.83,265.18,257.36,258.9,10981901,260.070494,157982
2024-08-29,271.01,271.95,256.28,257.01,14301691,260.860061,189188
2024-08-30,257.44,259.13,251,252.9,10507704,253.417592,133118
2024-09-03,252.62,253.69,246.64,248.06,6190352,249.998875,98149
2024-09-04,246.47,249.48,245.16,247.68,4706546,247.909598,75507
2024-09-05,245.98,248.4999,245,246.12,4083624,246.338917,69592
2024-09-06,247.74,250,241.4401,243.97,6259431,243.89478,88252
2024-09-09,246.5,249.36,244.77,245.76,4588809,246.414341,75286
2024-09-10,247.13,247.34,243.311,246.16,3544808,245.674247,57346
2024-09-11,244.81,250.02,242.0141,249.57,4822215,246.787434,77693
2024-09-12,251.39,254.14,249.57,253.37,5221397,252.401567,73251
2024-09-13,252.54,256.83,252.445,254.57,4998901,254.89554,76106
2024-09-16,254.57,257.81,254.57,256.91,5367024,256.694463,72408
2024-09-17,258.72,259.37,254.76,255.19,5423388,256.651285,77642
2024-09-18,256,256.12,250.96,252.43,4436734,252.960595,80396
2024-09-19,260.72,269.54,258.05,265.99,11022830,264.36538,169515
2024-09-20,266.01,270.32,261.32,266.8,11463169,266.00258,109460
2024-09-23,267.25,268.06,262.24,264.21,6033986,264.401745,84946
2024-09-24,269.83,272.46,266.29,270.44,7154459,269.514616,103464
2024-09-25,270.45,277.05,269.384,274.09,7920044,274.254035,121532
2024-09-26,276.13,278.64,272.71,275.76,5253376,275.262794,89965
2024-09-27,276.26,277.84,275.0601,276.64,5220075,276.51234,83410
2024-09-30,273.95,275.74,269.14,273.71,5062226,272.418026,86938
2024-10-01,274.14,274.7,269.69,270.87,4369918,271.379671,73513
2024-10-02,273.72,282,270.8517,279.48,8512272,278.690635,116841
2024-10-03,278.99,281.12,277.73,280.91,3868447,280.048262,65462
2024-10-04,283.86,287.89,281.47,287.75,6131284,285.800832,98377
2024-10-07,286.58,288.17,283.38,284.57,4794652,285.617912,76638
2024-10-08,286,292.63,284.1035,291.57,5211209,289.449671,83940
2024-10-09,290.82,291.57,287.08,287.92,4850952,288.388988,72709
2024-10-10,287.92,290.23,284.62,290.17,3965512,288.223788,73517
2024-10-11,289.21,290.24,286.3,288.1,3597035,288.128143,61377
2024-10-14,289.92,292.4499,288.25,291.64,3642540,290.701352,61234
2024-10-15,293.46,293.58,288.0004,288.35,3850782,289.375785,70200
2024-10-16,287.55,290.92,284.23,290.86,3496969,289.032128,60768
2024-10-17,291.96,293.34,290.1,291.11,2830025,291.248504,55537
2024-10-18,292.04,294.71,290.15,292.94,3087902,292.924219,56015
2024-10-21,289,292.92,288.04,291.29,2712571,291.009956,52424
2024-10-22,289.75,291.942,287.65,288.33,3100125,288.93308,52652
2024-10-23,287.73,288.3032,282.6176,284.43,3227071,284.836625,63267
2024-10-24,286.56,288.91,285.18,286.76,3210656,286.94215,58905
2024-10-25,290,294.38,288.83,290.46,3351560,291.18634,71751
2024-10-28,293.6,296.07,292.49,293.77,3867816,293.985188,70220
2024-10-29,294,300.595,292.81,298.89,4280743,298.506081,74996
2024-10-30,297.07,299.54,296.35,296.4,2826545,297.607855,54842
2024-10-31,292.6,296.09,289.55,291.37,4301838,291.696214,71808
2024-11-01,290.23,296.99,290,294.72,3527502,294.355668,62693
2024-11-04,297.99,300.18,292.92,298.01,5108329,297.625988,77287
2024-11-05,297.44,298.81,294.74,297.49,4456064,296.93159,62157
2024-11-06,305,308.56,303.07,306.9,5874885,306.385227,97197
2024-11-07,307.5,312.19,306.0001,310.78,5722636,310.634712,92760
2024-11-08,310.03,322.81,309.437,321.95,8484970,318.156833,129556
2024-11-11,325.25,344.88,325.25,341.73,13954199,338.679254,187226
2024-11-12,339.29,348.86,338.51,341.15,7659675,343.405668,141404
2024-11-13,345.5,348.1906,338.77,341.72,6902936,343.08064,110760
2024-11-14,342.44,346,330.82,331.65,7630619,333.935577,117288
2024-11-15,326.93,330.26,324.18,325.26,7093003,325.950115,111654
2024-11-18,327,327,320.205,322.25,4251074,322.470469,79285
2024-11-19,319,324.7,316.0001,323.43,5469892,322.405809,95201
2024-11-20,325.29,327.26,322.01,325.7,3765286,324.502831,67484
2024-11-21,331.35,342.9396,328.6,335.78,8364165,337.129577,129195
2024-11-22,338.95,342.81,335.78,342.02,5649365,340.116094,99178
2024-11-25,345,347.85,338.29,339.11,7117192,340.902885,100483
2024-11-26,341.98,343.81,339.14,343.18,4492772,341.946055,80259
2024-11-27,336.46,337.38,328.88,330.01,7471475,331.437447,132398
2024-11-29,329.34,331.99,327.25,329.99,3517586,330.555712,58787
2024-12-02,332,334.5,330.11,331.01,6063387,331.534496,101172
2024-12-03,327.4,332.7999,323.65,331.43,12632360,330.062484,194765
2024-12-04,366.81,369,356.65,367.87,24733140,363.367353,339940
2024-12-05,360.78,365.45,356.67,361.38,10942124,360.839246,171671
2024-12-06,364.99,367.15,361.0908,361.99,5738864,363.701384,102362
2024-12-09,361.7,361.7,350.79,351.57,6475001,353.649144,120198
2024-12-10,351.35,355.49,347.43,348.82,6032962,350.698436,96791
2024-12-11,353.49,360.2,351.88,354.85,7546604,356.936627,109185
2024-12-12,355,360,352.92,358.03,5422002,357.74348,96768
2024-12-13,364,364.8,352.5,354.31,5538020,356.579228,97340
2024-12-16,350.78,358.07,350.56,357.23,5482323,355.374576,93697
2024-12-17,356.9,357.23,349.11,350.97,6910983,351.525875,117456
2024-12-18,354.5,354.77,335.24,337.23,8400030,345.222705,137663
2024-12-19,341.695,343.53,335.43,336.23,7423351,338.361213,121299
2024-12-20,332.74,346.45,331.1395,343.65,14932307,342.382585,121403
2024-12-23,342.25,343.8457,336.68,342.9,5330267,341.28819,91127
2024-12-24,343,344.95,340.83,344.43,1810961,343.597067,38260
2024-12-26,344.88,344.88,341.0312,341.72,3484545,342.463564,60980
2024-12-27,340.35,342.27,335.27,338.45,3220402,338.261772,67792
2024-12-30,333.47,338.1078,331.61,335.74,3411528,335.564311,69517
2024-12-31,336.27,337.15,332.41,334.33,3026017,334.524079,61340
2025-01-02,336.31,338.92,327.81,330.66,4807138,331.453024,97338
2025-01-03,332.1,333.44,329.27,332.9,4102503,332.167473,76844
2025-01-06,334.02,336.6,327.28,330.53,5785333,331.433096,113583
2025-01-07,330.5,331.5,322.91,324.93,4643133,326.489914,90710
2025-01-08,327.74,328.8,323.11,326.9,3788206,326.138437,85911
2025-01-10,322.765,322.765,316.02,317.85,6539973,318.903353,111994
2025-01-13,314.6,320.55,313.8,319.07,4583023,318.317653,83710
2025-01-14,325,329.935,321.5,323.54,5935221,325.070443,101289
2025-01-15,329.88,331.53,320.78,321.16,6042674,323.157686,102929
2025-01-16,322.94,327.72,319.55,320,5051487,322.303104,94168
2025-01-17,328.72,329.5699,323.07,324.56,6303558,326.297124,102950
2025-01-21,329.4,329.52,322.45,326.84,6397166,326.760752,108495
2025-01-22,331.25,335.2288,327.28,332.62,7259285,331.790971,120971
2025-01-23,332.33,335.46,329.6,334.66,4355877,333.510287,83861
2025-01-24,336.3,338.65,331.785,333.88,3299074,334.497583,68913
2025-01-27,332.36,353.15,330.5,347.1,15661109,346.01355,242519
2025-01-28,354.77,367.09,350.455,359.95,12099293,361.005339,210946
2025-01-29,358.76,360.18,351.5,354,6266724,354.127367,121364
2025-01-30,340.9,348,340,343.57,7591129,344.062282,133597
2025-01-31,348,349.5,340.1,341.7,5781541,343.56356,101377
2025-02-03,335.97,341.46,331.2601,339.24,4543015,337.525239,102437
2025-02-04,345.62,346.93,338.6722,344.14,4936753,342.445053,88809
2025-02-05,345.72,348.04,338.8725,347.93,4521009,344.938733,91660
2025-02-06,337.475,337.475,329.1,330.81,13240635,332.350401,214731
2025-02-07,332,333.82,323.72,325.83,7608298,328.166696,144537
2025-02-10,327.92,331.75,326.65,327.2,5975355,328.857639,108846
2025-02-11,324.02,326.44,321.26,324.4,5455939,323.684374,103727
2025-02-12,319.55,327,316.97,326.12,5643373,323.001788,103256
2025-02-13,326.2,330.3473,323.22,329.85,4312066,327.209232,85326
2025-02-14,328.03,328.5,322.62,326.54,5879716,325.722056,99764
2025-02-18,328.59,329.16,323,328.96,5262109,327.26517,98953
2025-02-19,329.74,329.74,322.87,324.53,5008309,324.641355,99552
2025-02-20,322.24,324.45,318.21,318.43,6393050,319.846976,119084
2025-02-21,318.97,318.97,306.86,309.8,7353214,311.328933,141652
2025-02-24,311.51,312.73,303.525,308.32,6652863,308.379474,109479
2025-02-25,306.25,308.42,300.62,305.88,7360070,304.804547,124277
2025-02-26,312.66,313.7,306.45,307.33,12638452,309.159852,214534
2025-02-27,296.34,304.92,292.67,294.9,16691436,297.960671,262585
2025-02-28,295.955,301.9799,292.1536,297.85,10863109,296.867931,144249
2025-03-03,301,303.07,291.06,293.06,6298208,295.838735,121236
2025-03-04,290,291.65,282.235,287.34,9096260,286.652127,168350
2025-03-05,287.22,292.6835,285.621,291.97,6612561,289.488208,111083
2025-03-06,288.23,298.08,284.8327,286.05,10396805,289.453052,144755
2025-03-07,283.18,288.309,275.17,282.89,8248082,280.915029,132314
2025-03-10,276.97,278.345,270.721,272.9,10040220,273.674136,153620
2025-03-11,273.72,280.45,272,277.05,8313375,277.229911,133279
2025-03-12,281.85,285.9268,279.09,284.58,7463894,283.509062,116995
2025-03-13,282.05,282.555,269.75,271.74,9494522,272.789762,142163
2025-03-14,275,279.89,272.68,279.4,6976916,277.85236,107481
2025-03-17,277.37,282.73,276.0785,280.75,4484727,279.919202,79100
2025-03-18,280.02,280.5,275.94,278.73,5882123,278.398652,80401
2025-03-19,277.5,282.22,277.29,279.39,5245412,279.425993,89158
2025-03-20,277.06,282.88,277.06,279.03,5504720,279.49336,80515
2025-03-21,276.21,281.85,274.05,280.62,9804132,279.634743,73423
2025-03-24,283.74,286.76,283.22,285.96,6763802,285.00093,101877
2025-03-25,285.61,290.45,285.61,288.61,4301704,288.393482,79593
2025-03-26,288.34,289.04,279.58,280.99,5073391,282.358787,96251
2025-03-27,280.54,280.8987,276.01,277.81,3757245,278.427452,73987
2025-03-28,276.71,277.205,269.19,269.97,4973419,271.256594,91350
2025-03-31,264.55,268.45,259.19,268.36,7585804,266.115618,117890
2025-04-01,268.86,270.82,265.82,270.2,4598153,269.168895,83445
2025-04-02,265.96,273.63,265.75,271.54,5396853,271.016531,92567
2025-04-03,260.14,262.57,254.45,255.23,8872602,257.272923,149927
2025-04-04,247.7,250.29,239.53,240.76,9704995,243.681166,182902
2025-04-07,230,252.95,230,244.21,11965180,241.613557,198031
2025-04-08,253.95,257.3855,240.266,243.99,9338841,248.55022,166272
2025-04-09,240.9,268.17,240.9,265.17,12489018,256.307985,191313
2025-04-10,260,261.24,248.13,255.12,9692344,254.615467,150634
2025-04-11,254.27,256.41,247.675,255,6089003,253.519596,104954
2025-04-14,260,260,253.14,254.55,6038546,255.41776,90402
2025-04-15,254.37,256.72,253.8,254.93,5227671,255.186666,80083
2025-04-16,251.93,256.61,246.69,249.84,7190940,250.997046,113888
2025-04-17,249.77,251.56,246.8,247.26,5566852,248.41315,99073
2025-04-21,240.43,242.48,232.77,236.26,9240009,235.767509,148032
2025-04-22,238.23,244.22,235.597,243.39,7145288,241.356943,112980
2025-04-23,252.61,257.79,249.5,250.48,5818895,252.819097,109830
2025-04-24,258.2,264.98,257,264.7,7857563,262.847638,122942
2025-04-25,264.72,269.03,264.2,267.85,5651651,267.266278,97285
2025-04-28,268.145,269.5,263.33,265.64,4977724,266.080073,82609
2025-04-29,265.4,268.575,265.17,267.76,3140601,267.077615,66671
2025-04-30,264.8,268.87,263,268.71,4624088,267.024828,71980
2025-05-01,273.4,274.6,269,269.33,5208927,271.393194,93419
2025-05-02,274.46,276.32,272.25,275.08,4323760,274.768251,81798
2025-05-05,273.37,276.165,272.31,272.63,4219639,274.040351,80119
2025-05-06,269.82,274.7976,268.54,273.36,4681552,272.758906,72237
2025-05-07,273.71,278.79,273.71,278.23,4268307,276.961108,78599
2025-05-08,279.21,283.045,278.38,279.74,4789858,280.495564,84807
2025-05-09,281.62,282.48,273.88,275.42,4324188,276.6525,84008
2025-05-12,285,288.97,283.23,288.82,5937370,287.081215,113201
2025-05-13,291,292.7406,288.93,289.17,6711550,290.415766,116072
2025-05-14,293.5,296.05,289.26,290.74,7926186,291.850554,129128
2025-05-15,289.57,291.97,287.95,290.76,4635862,290.293389,92654
2025-05-16,291.09,292.17,289.72,291.15,3845977,291.140277,74607
2025-05-19,288.1,289.9,286.91,287.63,5781196,288.261341,101771
2025-05-20,288.09,288.44,285.21,288.06,4032283,287.041315,85176
2025-05-21,284.41,287.63,281.1121,282.28,5689839,284.002849,97540
2025-05-22,282.5,286.35,281.0296,283.42,6642690,284.255187,103514
2025-05-23,279,280.74,271.65,273.13,8887815,275.724291,169767
2025-05-27,273.165,278.58,270.29,277.19,10958025,275.658738,168252
2025-05-28,277.71,278.81,273.58,276.03,12758644,275.453005,227038
2025-05-29,263.59,267.785,254.5,266.92,28074954,261.314622,423243
2025-05-30,268.08,269.7399,260.7,265.37,12388512,264.372582,179533
2025-06-02,263.11,263.79,259.14,261.62,9213476,261.562566,158275
2025-06-03,262,264.75,261.36,264.47,7838480,263.290858,126139
2025-06-04,264.19,265.5,261.62,263.17,7372529,263.339897,127462
2025-06-05,263.71,268.75,263.635,267.14,8647080,266.73899,141887
2025-06-06,269.97,274.9,268.21,274.51,7507040,272.87735,125953
2025-06-09,272.85,274.2,269.6631,272.25,5728297,272.485682,108115
2025-06-10,272.07,273.75,266.8434,268.22,6309748,269.822266,120453
2025-06-11,268.5,269.51,265.41,265.91,6568118,267.239488,92987
2025-06-12,264.7,269.02,263.4,266.91,8054033,266.927017,115448
2025-06-13,263.48,265.7,258,258.4,7659317,260.135533,140720
2025-06-16,260.39,263.98,259.965,263.88,7177005,262.828872,110637
2025-06-17,263.85,270.5,262.1,262.76,9110069,264.992131,151423
2025-06-18,264.8,265.075,257.47,259.5,7628009,260.16664,130643
2025-06-20,260.69,262.87,259.2601,260.63,12859175,260.770614,116398
2025-06-23,260.64,264.74,258.75,263.41,9283842,262.590063,133510
2025-06-24,265.715,273.38,265.44,271.17,9713901,270.904751,152113
2025-06-25,272,274,266.98,267.76,6074324,269.024189,120681
2025-06-26,268.78,271.01,265.16,270.74,6707978,269.105541,117858
2025-06-27,271.86,274.17,269.425,273.42,21741379,272.7616,148392
2025-06-30,274.46,276.38,270.4,272.69,8541909,272.947766,134882
2025-07-01,272.08,274,270.64,271.91,6256810,272.333389,116164
2025-07-02,271.52,271.715,265.65,269.21,6115241,268.039166,121935
2025-07-03,269.7,274.73,269.315,272.15,5031403,272.907969,91654
2025-07-07,271.51,274,268.2114,269.8,6283544,270.808748,106700
2025-07-08,270.79,276.8,269.73,273.65,6661156,273.716073,119913
2025-07-09,274.36,275.56,269.37,270.92,6373573,271.265062,109731
2025-07-10,270.9,271.485,263.21,263.97,7252495,265.407148,135442
2025-07-11,262.58,262.95,257.26,258.07,7011161,259.233573,140741
2025-07-14,258.6,262.23,257.5,259.68,6533856,260.292577,125196
2025-07-15,261,261.81,257.23,257.58,5201492,258.615217,106009
2025-07-16,258.93,258.98,254.52,257.95,5648177,257.091381,112573
2025-07-17,257.99,260.2,256.655,259.88,5837430,258.991065,110952
2025-07-18,260.3,262.98,259.12,262.38,6381001,260.893146,100589
2025-07-21,263.62,264.31,261.6375,262.28,6714731,262.893429,100313
2025-07-22,263,265.89,262,263.59,5001439,263.492592,94101
2025-07-23,263.915,268.48,262.5,267.22,5620704,266.699878,106966
2025-07-24,267.98,269.3,265.64,267.7,5877061,266.971318,98367
2025-07-25,268.01,271.0988,267.01,269.11,4015439,269.354286,84878
2025-07-28,269.5,270.34,266.59,270.25,4533658,269.450668,89095
2025-07-29,271.595,274,267.3055,267.39,5137094,269.135077,86245
2025-07-30,266.865,267.77,263.33,264.81,3928192,265.660028,85801
2025-07-31,265,265.04,257.86,258.33,7340250,259.929542,123449
2025-08-01,254.99,255.99,250.13,250.74,7646866,251.659662,139326
2025-08-04,251,253.5,250.64,252.32,4403485,252.393727,95682
2025-08-05,253.01,253.29,247.01,247.49,6760966,249.406489,131260
2025-08-06,249.37,250.26,247.02,249.17,5834652,248.534599,108869
2025-08-07,250.69,253.005,236.9724,240.88,10010178,241.95554,204196
2025-08-08,241.29,242.95,237.83,240.51,8812027,240.277276,160434
2025-08-11,238.92,241.87,231.57,232.68,10740077,235.023613,187664
2025-08-12,233,233.6686,226.48,231.66,13183187,231.005915,226793
2025-08-13,233.01,237.35,229.605,237.03,10209168,234.876081,177678
2025-08-14,237,237,232.8686,233.37,7544771,234.178118,145920
2025-08-15,236.15,244.5,234.63,242.44,12942819,241.510887,220930
2025-08-18,239.77,244.52,239.49,243.97,8809192,242.748185,161315
2025-08-19,245,248.5,243.445,246,8642172,245.542735,155769
2025-08-20,245.7,247.57,244.45,246.45,8195052,246.029828,141163
2025-08-21,245.04,246.29,240.02,245.83,5646824,244.459393,113735
2025-08-22,245.78,249.53,244.1101,248.29,6694286,247.711724,121821
2025-08-25,249.37,249.37,246.79,247.87,4957726,247.698769,101750
2025-08-26,246.7,248.83,242.85,243.74,8862311,244.176192,111999
2025-08-27,245.75,250.37,245.61,250.16,6506877,248.902409,114513
2025-08-28,252.48,255.65,250.29,254.53,8461229,254.011225,140326
2025-08-29,255.4,257.64,252.87,256.25,7362552,255.485872,142566
2025-09-02,254.82,254.99,248.75,252.86,9312525,251.755339,169487
2025-09-03,255.06,258,250.545,256.45,17417946,255.077437,282459
2025-09-04,240.06,245.22,234.62,244.01,30967514,240.740055,489253
2025-09-05,244.83,251.13,244.36,250.76,13029110,249.165332,220602
2025-09-08,250.8,252.935,247.3,252.27,12602238,251.174687,176967
2025-09-09,251.32,255.34,251.21,252.06,10901937,252.68228,138003
2025-09-10,252.75,253.99,241.73,242.57,11363641,245.897919,210736
2025-09-11,243.7,247.17,243.5,246.28,6943282,245.916579,152441
2025-09-12,246.095,247.5888,241.25,242.76,8386354,243.532701,166636
2025-09-15,243.25,244.71,240.84,242.52,7244575,242.411741,152381
2025-09-16,242.52,242.68,237.24,239.31,8779787,239.484927,180267
2025-09-17,239.97,243,239.38,242.21,10123962,241.31768,168388
2025-09-18,244.155,247.29,242.95,244.28,9344384,244.881522,164728
2025-09-19,246.02,247.2,243.35,247.09,11813947,246.334001,121133
2025-09-22,245.28,250.48,243.16,249.69,7523794,248.605205,138786
2025-09-23,249.74,251.36,244.13,244.56,7669787,246.393945,152818
2025-09-24,245.665,248.8412,243.01,245.89,6707081,245.780683,127539
2025-09-25,244.5,244.66,239.485,240.95,8145495,241.41647,151120
2025-09-26,240.69,244.53,240.35,243.43,4974641,243.043395,104556
2025-09-29,244.72,245.82,242.87,245.1,6373506,244.623094,113515
2025-09-30,245.05,245.21,235.81,237,10801099,238.423848,213882
2025-10-01,236.49,242.47,233.51,235.69,10016630,236.351891,204015
2025-10-02,235.43,239.4,233.6,238.88,7679234,237.627412,155802
2025-10-03,238.75,242.81,238.5,240.36,8849786,240.773254,141345
2025-10-06,239.33,250.47,235.41,245.78,13922574,244.318901,279427
2025-10-07,246.48,247.36,237.55,239.74,8387424,240.429989,169683
2025-10-08,239.74,241.32,235.645,240.43,7120245,239.714873,141648
2025-10-09,239.27,245.96,237.1473,245.33,7929056,243.693784,143499
2025-10-10,246.52,249.05,240.72,241.68,7988316,243.121474,162526
2025-10-13,242.89,249.3499,242.365,248.75,8276527,246.753212,146141
2025-10-14,248.11,248.28,239.55,239.77,9123850,242.870387,186285
2025-10-15,240.87,241.317,235.9,236.58,8389242,237.840343,155754
2025-10-16,253.19,256.74,242.67,246,24869700,249.040246,397401
2025-10-17,246.57,250.78,242.16,243.08,10851168,245.296136,183997
2025-10-20,245,255.4,244.3,254.28,9963869,252.755809,190664
2025-10-21,254.5,267.125,254,263.41,13354739,262.956964,250201
2025-10-22,262.2,262.4,256.51,256.64,9369960,258.745202,174195
2025-10-23,257.6,258.56,254.12,255.05,6091742,255.537167,125050
2025-10-24,257.42,258.5,254,254.83,5490805,255.481721,106164
2025-10-27,257.08,258.1,254.92,255.47,4942412,255.993464,97804
2025-10-28,255.47,258.84,254.14,254.26,6435589,256.479153,115159
2025-10-29,252,253.57,249.04,251.46,7904176,251.860861,135455
2025-10-30,250.5,259.2808,250,256.65,7767832,256.833516,143569
2025-10-31,254.795,261.82,252.63,260.41,6878316,258.323589,126994
2025-11-03,260,261.56,255.1,261.34,7054310,259.484289,133601
2025-11-04,258.15,259.26,253.4567,254.44,6792207,255.570882,120714
2025-11-05,254.7,256.83,252.01,252.68,5241235,253.592074,104710
2025-11-06,250.535,250.535,234.48,239.27,11041831,239.518882,216118
2025-11-07,236.15,240.97,235.79,239.88,5741472,238.548759,123365
2025-11-10,240,241.91,235.08,241.71,6486584,239.30671,123266
2025-11-11,241.9,245.7,241.16,244.5,5762752,244.140766,93788
2025-11-12,245.74,248.4316,243.68,246.02,4278214,246.044626,88081
2025-11-13,245.25,245.895,239.91,240.43,5542078,241.890757,104700
2025-11-14,238.31,245.18,237.42,243.66,5512886,242.655733,116853
2025-11-17,242.07,242.83,235.5894,237.03,5280850,238.302628,118560
2025-11-18,236.24,237.79,230.27,233.5,8045145,233.062023,154225
2025-11-19,232,232.28,225.06,227.88,9710689,228.034353,172114
2025-11-20,229.245,231.0699,223.3,225.37,7521103,226.535302,149015
2025-11-21,224.86,228.68,221.9575,227.11,7479250,226.129058,141043
2025-11-24,227.34,228.84,225.04,226.82,8563304,226.833663,133157
2025-11-25,226.8,234.63,226.52,234.12,10232974,232.480269,141784
2025-11-26,230.51,232.819,226,228.15,8506615,228.493388,149371
2025-11-28,229,232.56,228.625,230.54,3691505,231.102799,74077
2025-12-01,228.67,234.25,228.6,232.83,5634655,232.658146,113331
2025-12-02,233.02,236.65,231.62,234.71,7626188,234.686526,126793
2025-12-03,235.36,239.26,233.16,238.72,13781999,237.061731,247772
2025-12-04,243.685,248.97,237.6,247.46,20912133,244.376749,351052
2025-12-05,250.83,261.88,249.5,260.57,15852440,259.233331,279855
2025-12-08,261.88,264.28,256.342,259.53,10805445,259.47139,173960
2025-12-09,260,262.25,259,261.02,8045882,260.796149,113837
2025-12-10,260.75,265.93,259.1456,264.2,8894682,262.589468,125713
2025-12-11,263.5,267.9,260.77,262.35,7783785,262.987313,128791
2025-12-12,263.52,264.49,260.91,262.23,6006578,262.51501,106515
2025-12-15,261.21,262.28,253.0875,254.58,10271792,255.295305,149613
2025-12-16,254,255.86,252.11,254.91,6145269,254.354113,112255
2025-12-17,256.33,261.97,256.25,258.14,6268965,259.533228,117465
2025-12-18,258.42,260.07,256.16,257.85,5654161,258.086679,108462
2025-12-19,260.68,262.04,255.5,259.91,20732079,259.570433,111608
2025-12-22,260.62,264.63,258.405,264.63,5664201,263.366487,101148
2025-12-23,262.715,264.24,260.52,263.43,4745113,262.785027,90137
2025-12-24,263.23,266.3,262.55,265.26,2076637,265.157913,48722
2025-12-26,264.8,267.91,264.8,266.08,2456402,266.084713,58043
2025-12-29,264.71,269.11,264.71,266.23,4300077,266.567596,84733
2025-12-30,266.66,268.28,265.33,265.92,3291837,266.459575,80359
2025-12-31,265.29,266.1,264.391,264.91,3367930,265.078337,72495
2026-01-02,265,265.38,252.48,253.62,9680584,255.654607,173503
2026-01-05,253.62,259.59,252.3062,256.26,6416342,256.678125,122421
2026-01-06,255.2,263.55,255,262.9,6103321,261.139674,108040
2026-01-07,263.5,267.825,263.5,266.12,5976201,266.286488,115642
2026-01-08,264.4,265.2023,260.41,260.53,5243453,262.015474,103520
2026-01-09,260,261.025,256.509,259.94,5174372,259.367532,92597
2026-01-12,259,261.559,255.77,259.4,4927734,259.140842,88407
2026-01-13,257.66,260.91,240.355,241.06,13660962,245.548392,234980
2026-01-14,239.18,242.24,236.46,239.57,10149314,239.088969,178015
2026-01-15,237.02,238.84,231.67,233.53,11489590,234.402875,187440
2026-01-16,232.95,232.95,226.44,227.11,13902610,228.599833,196248
2026-01-20,223.54,227.9399,219.355,220.07,13050762,223.267064,219872
2026-01-21,220.15,223.39,218.9633,221.58,12616556,221.230202,175652
2026-01-22,222.24,228.72,221.11,228.09,9482971,225.907086,148002
2026-01-23,226.78,230.85,226.65,228.05,9408048,228.664381,140890
2026-01-26,229.43,230.949,227.585,229.4,7239632,229.665913,117023
2026-01-27,231.94,235.74,226.27,228.53,9838362,229.002746,151869
2026-01-28,229.39,231.86,227.67,227.96,8465904,229.384665,127172
2026-01-29,216.67,217.28,208.78,214.08,18555570,212.263141,288954
2026-01-30,214.16,215.55,211.03,212.29,11090431,212.759051,149081
2026-02-02,214.35,216.89,209.8,210.81,7950855,212.575222,140683
2026-02-03,205,205.555,193.11,196.38,20194180,197.171398,326966
2026-02-04,193.31,200.674,187.28,199.44,23009974,195.781738,315490
2026-02-05,193.99,199.56,188.79,189.97,21956303,191.68517,277043
2026-02-06,191.63,194.6,187.1201,191.35,13652621,190.093174,216674
2026-02-09,189.3,195.1999,185.73,194.03,12112033,192.9063,185657
2026-02-10,191.9,199.1,190.75,193.45,13392989,194.84158,182252
2026-02-11,193.15,193.665,181.81,185,16350186,185.2083,237120
2026-02-12,185.96,188.32,180.24,185.43,16849111,183.715333,218767
2026-02-13,186.44,193.45,184.3,189.72,14822879,189.979368,188994
2026-02-17,190.97,193,183.17,184.29,13692933,184.956371,203711
2026-02-18,183.88,188.14,181.8645,187.79,9852893,186.839045,152876
2026-02-19,186.6,186.95,183.23,185.29,9565134,185.222061,137053
2026-02-20,185.32,191.73,183.73,185.16,10816216,186.496643,147644
2026-02-23,181.27,182.47,174.57,178.16,15507751,176.761348,242155
2026-02-24,177.64,188.67,176.28,185.42,15569393,185.31051,221112
2026-02-25,183,192.6,182.261,191.75,21879997,190.017761,294100
2026-02-26,196.76,201.035,191.33,199.47,26686488,197.485679,364222
2026-02-27,191.91,195.92,189.9248,194.79,16351710,193.152596,215997
2026-03-02,192.5,195.94,190.675,192.95,9938075,192.885871,150131
2026-03-03,190.75,198.67,189.58,196.05,13213327,194.900887,176479
2026-03-04,195.1,196.47,192.1,193.08,11588222,194.515275,162436
2026-03-05,194.36,204.42,194.24,201.39,15865418,201.5127,234965
2026-03-06,200.79,202.96,197.37,202.11,9662152,200.926522,150178
2026-03-09,198.56,203.67,195.87,198.79,10761107,198.525683,166159
2026-03-10,197.26,199.57,190.6,194.91,14474636,194.989836,206215
2026-03-11,196.4,199.55,191.2876,194.13,9584117,194.02458,152072
2026-03-12,194.13,204.855,193.15,199.28,26313920,199.820725,228697
2026-03-13,199.73,200.9999,191.75,192.83,14839631,194.065455,179312
2026-03-16,195.15,198.63,195.15,198.34,13424074,197.548359,153298
2026-03-17,198.22,202.38,194.45,195.31,11562981,196.513944,140625
2026-03-18,193.4,196.15,192.64,194.34,10527982,194.455424,129860
2026-03-19,195.59,200.395,193.3,194.99,9257343,195.396726,142403
2026-03-20,193.21,195.6699,190,195.38,20205166,194.549226,173589
2026-03-23,197.09,198.05,192,195.18,13980692,195.050713,165804
2026-03-24,192.14,192.14,182.29,183.02,18637569,184.7765,236739
2026-03-25,185.7,187.385,179.85,181.96,12569431,182.249423,176181
2026-03-26,181.18,187.47,179.53,185.64,10333788,185.276729,157889
2026-03-27,184,184.11,178.816,179.31,9906865,179.957328,161386
2026-03-30,180.1,186.39,179.58,185.03,11621292,184.127422,159930
2026-03-31,184.9,188.5,182.31,186.67,11044706,186.359055,136243
2026-04-01,186.85,188.98,183.01,186.24,11681168,185.961046,129623
2026-04-02,185.3,187.58,181.575,187.18,11638363,185.978825,125945
2026-04-06,187.5,188.14,183.6001,185.03,14395020,185.583091,123233
2026-04-07,184.95,186.58,182.017,182.96,12347569,183.633408,103350
2026-04-08,186.5,186.77,175.78,176.37,13477713,179.493028,195384
2026-04-09,173.17,174.29,167.12,170.85,20863051,169.664459,245745
2026-04-10,171.26,171.26,163.52,164.96,18117683,165.392366,249967
2026-04-13,167.05,173.4,165.77,172.82,12395508,171.331424,180110
2026-04-14,175.21,177.5,170.5,171.31,13128027,172.917134,160492
2026-04-15,174.22,179.62,172.88,177.6,14344496,177.235005,167241
2026-04-16,184,184.55,178.57,181.22,11870615,180.824816,157147
2026-04-17,185.43,187.98,181.03,182.14,17230543,183.886755,205445
2026-04-20,182.5,189,182.122,186.27,14386448,186.182954,181055
2026-04-21,186.6,193.56,184.1001,187.11,12078804,189.290707,172221
2026-04-22,188.2,191.15,187.03,189.8,14570668,189.747312,179267
2026-04-23,177.56,178.87,170.65,173.3,22729489,173.644134,323626
2026-04-24,175.62,178.45,174.4,178.16,10822648,176.71689,160656
2026-04-27,178.26,184.29,177.51,180.18,11911690,181.549429,171856
2026-04-28,182.43,184.42,181.32,181.32,8715449,182.362498,130638
2026-04-29,179.2,181.7835,177.35,181.22,6886313,180.316487,103342
2026-04-30,178.3,178.6934,173,176.53,14413340,176.185387,194944
2026-05-01,182.185,186.04,178.75,183.82,12328549,182.777459,172917
2026-05-04,184.24,190.31,183.97,185.48,8449057,186.781844,142498
2026-05-05,185.55,187.39,181.1,186.99,9745134,185.304503,125370
2026-05-06,185.52,187.1,179.58,181.19,11309580,182.080295,164468
2026-05-07,184.6,188.58,184,186.34,13959445,186.683904,169498
2026-05-08,179.68,181.8718,176.88,181.82,15129779,179.767726,185003
2026-05-11,179.905,182.5,176.31,177.49,11151625,178.245391,154861
2026-05-12,177.575,177.575,170.58,171.31,10219914,172.768565,162474
2026-05-13,169.78,169.78,164.75,165.84,11959345,166.509154,179763
2026-05-14,166,169.3476,164.3275,167.58,9753850,167.558331,147017
2026-05-15,169.25,175.97,169,173.51,13887921,173.468049,173752
2026-05-18,172.89,180.78,171.8,179.48,13675847,178.627375,202016
2026-05-19,185,187.44,178.81,179.42,17515222,182.319103,219025
2026-05-20,176.04,180.31,173.34,180.1,13029073,177.718634,156733
2026-05-21,175.38,177.34,171.99,176.31,10953387,175.526099,149732
2026-05-22,179.84,183.35,177.6801,180.07,10189433,180.208809,146709
2026-05-26,178.43,182.3599,177.6812,179.08,13622224,180.254179,190059
2026-05-27,178,183.92,176.89,177.51,18529576,179.369402,264554
2026-05-28,178.43,182.48,171.65,176.17,22564887,177.779438,321341
2026-05-29,180.24,194.1448,180.02,191.1,34006671,190.400138,350722
2026-06-01,198.75,211.34,198.21,209.6,27605387,207.637126,415044
2026-06-02,201.02,204.39,195.76,200.84,19224626,199.229628,276099
2026-06-03,197.27,197.68,189.73,190.61,14160823,191.711849,213061
2026-06-04,197.81,198.09,186.11,188.75,14458642,190.516408,191077
2026-06-05,189.8,192.51,184.83,185.66,13189279,186.85041,200447
2026-06-08,183.91,185.02,181.71,182.55,11183213,183.024344,165675
2026-06-09,179.5,182.46,171.56,175.35,15427047,175.650548,231476
2026-06-10,170.6,175.53,170.03,170.92,10825014,172.641817,154044
2026-06-11,168.27,168.98,163.31,166.45,16673161,166.26662,209940
2026-06-12,164.74,166.54,161.4,165.89,13595880,164.869216,195603
2026-06-15,166.03,169.9458,164.17,164.55,13548201,166.187944,196698
2026-06-16,164.055,166.3,160.5,161.71,16393082,162.145964,202369
2026-06-17,160.25,161.4274,154.23,155.02,19995091,156.829512,250772
2026-06-18,152.73,154.47,149.8,151.78,57948092,151.885825,285044
2026-06-22,150.16,153.87,146.32,150.12,20510936,149.814275,222539
2026-06-23,151.65,155.18,150.85,153.42,20725492,153.255455,188432
2026-06-24,151.81,157.06,150.4,152.76,13152013,153.611173,156413
2026-06-25,150.01,154,148.78,150.19,11339217,150.672541,151318
2026-06-26,151.49,158.46,151.49,158.37,21273504,157.446203,178591
2026-06-29,160.27,161.76,157.7,157.93,12669010,158.844653,168828
2026-06-30,155.09,157.69,154.07,156.66,13696898,156.278438,131404
2026-07-01,162.22,165.81,161.2,163.23,14171186,163.885508,191695
2026-07-02,163,167.21,162,166.11,10498369,165.846804,148891
2026-07-06,163.99,167.7219,162.37,165.65,10601209,165.596893,134487
2026-07-07,169.22,172.38,167.681,169.52,13062742,170.288612,167175
2026-07-08,167.37,167.53,164.78,166.58,9796360,166.232848,122142
2026-07-09,158.33,163.7999,156.48,162.5,13864474,162.077535,180210
2026-07-10,165.6,166.3,162.42,163.32,8325463,163.695198,101685
2026-07-13,165.92,172.76,165.92,171.22,14026009,170.408498,165458
2026-07-14,162.49,171.35,161.47,167.56,13512039,167.68609,166077
2026-07-15,170.52,172.8,166.56,167,13331671,168.274326,134483
2026-07-16,170.84,174.54,166.88,172.68,12061072,171.783808,128937
2026-07-17,171.5,175.43,169.7504,170.77,10195943,171.315934,129129
2026-07-20,167.86,175.39,166.495,173.79,13429832,172.585075,140473
2026-07-21,167.06,172.425,166.93,170.06,12834802,170.154557,132456
2026-07-22,169.47,169.57,162.21,163,12196986,164.001415,165709
2026-07-23,165.05,165.88,155.145,156.93,12776284,157.651684,156948
2026-07-24,160.38,164.45,159.55,163.66,10899728,162.838336,132054
2026-07-27,168,176.9488,167.14,173.6,17320938,173.544686,169760
2026-07-28,176.905,184.54,176.905,181.5,17206403,181.807504,207527
2026-07-29,182.01,190.18,182.01,188.38,18135391,187.375485,206020
2026-07-30,180.99,182.5078,175.9,180.71,12189380,179.397566,158396
2026-07-31,177.695,184.45,177.0253,184.02,9695958,182.838398,118912
2026-08-03,188.99,193.7,185.9,185.95,12913687,188.399665,148399
2026-08-04,183.09,191.285,183,190.99,9329904,189.437051,130300
2026-08-05,193.28,194.94,190.425,192.98,9609398,192.687842,124650
2026-08-06,183.44,187.02,183,186.77,13300007,185.460008,144523
2026-08-07,191.09,194.7,190.6,192.74,11397035,192.262705,136364
2026-08-10,190.17,198.184,190,197.51,9711457,196.293814,119450
2026-08-11,196.94,199.39,195.5001,197.47,11175053,197.551471,97069
2026-08-12,192,196.5,191.78,193.32,12790522,192.921898,117217
2026-08-13,196.835,202.99,191.39,201.37,15058428,197.914953,187947
2026-08-14,202.75,204.4,195.32,196.21,8669661,197.162743,115116
2026-08-17,193.83,194.94,189.91,190.97,14383175,191.52335,134326
2026-08-18,194.09,199.41,193.23,196.14,14156092,196.646224,137441
2026-08-19,194.21,207.95,194.21,206.09,17846857,205.463036,173880
2026-08-20,205.22,207.8795,203,205.43,11484736,206.133608,120006
2026-08-21,205.58,211.07,204.7261,209.17,9688174,208.682192,115212
2026-08-24,208.42,213.17,207.39,209.06,9589073,210.138631,118409
2026-08-25,205.85,210.31,204.76,205.69,10091342,206.569046,118630
2026-08-26,199.94,206.44,198.95,205.62,14888584,204.562188,236923
2026-08-27,230.05,254.48,230.05,252.05,55530539,246.970839,708656
2026-08-28,250.47,263.53,249,256,34354902,258.70618,425570
2026-08-31,254.39,262.28,254.39,257.54,22478495,259.247542,219056
2026-09-01,255.01,262.32,254.25,258.11,15899724,257.987571,200598
2026-09-02,259.38,264.55,253.6,256.93,14395896,257.196595,196531
2026-09-03,261.98,268.27,261.6,264.43,16040338,265.257612,189639
2026-09-04,263.36,263.6,257.82,259.23,10499528,260.060067,139659
2026-09-08,253.715,253.9999,245.8902,249.12,17485381,248.906799,197311
2026-09-09,249.78,254.8,243.45,244.16,11859536,246.689466,152341
2026-09-10,245.35,248.5,241.75,243,10733911,244.282894,136997
2026-09-11,242.02,250.5472,242.02,247.72,9741652,247.96022,129981
2026-09-14,255.75,260.18,251.5,259.43,12964525,257.413172,178020
2026-09-15,256.89,262.335,255.08,255.65,11502766,257.667337,149609
2026-09-16,251.85,256.4,249.6,250.54,9432338,251.618215,149241
2026-09-17,244.18,247,241.52,242.85,16610428,243.492214,190337
2026-09-18,244.25,244.25,236.545,237.92,21963829,238.633369,172774
2026-09-21,239.8,241.335,236.25,236.42,10584353,237.820073,139826
2026-09-22,241.5,242.44,229.81,233.28,13645618,233.272293,167583
2026-09-23,234.415,241.12,234.24,237.58,12357236,238.059869,135564
2026-09-24,240.64,242.09,237,238.22,11076019,239.233044,111090
2026-09-25,237.03,239.37,233.38,234.02,8738353,234.997885,120221
