row_type,date,ticker,direction,entry_time,exit_time,entry_price,exit_price,size,pnl,pnl_pct,hold_duration_ms,exit_reason,entry_composite,exit_composite,entry_1m,entry_5m,entry_1h,exit_1m,exit_5m,exit_1h,max_composite,max_composite_time,positive_ticks,total_ticks
summary,2024-01-01,QQQ,,,,,,,0.00,,0,,,,,,,,,,0.3427,2023-12-29T18:49:00+00:00,117,518
summary,2024-01-01,AAPL,,,,,,,0.00,,0,,,,,,,,,,0.2949,2023-12-29T20:28:00+00:00,33,543
summary,2024-01-01,NVDA,,,,,,,0.00,,0,,,,,,,,,,0.6487,2023-12-29T18:49:00+00:00,155,555
summary,2024-01-01,MSFT,,,,,,,0.00,,0,,,,,,,,,,0.4066,2023-12-29T14:51:00+00:00,185,464
summary,2024-01-02,QQQ,,,,,,,0.00,,0,,,,,,,,,,0.3472,2024-01-02T20:58:00+00:00,74,658
summary,2024-01-02,AAPL,,,,,,,0.00,,0,,,,,,,,,,0.6820,2024-01-02T10:21:00+00:00,119,636
summary,2024-01-02,NVDA,,,,,,,0.00,,0,,,,,,,,,,0.6141,2024-01-02T13:03:00+00:00,270,618
summary,2024-01-03,SPY,,,,,,,0.00,,0,,,,,,,,,,0.3936,2024-01-02T16:49:00+00:00,374,1444
summary,2024-01-03,QQQ,,,,,,,0.00,,0,,,,,,,,,,0.3555,2024-01-02T21:03:00+00:00,181,1490
summary,2024-01-03,AAPL,,,,,,,0.00,,0,,,,,,,,,,0.6820,2024-01-02T10:21:00+00:00,215,1436
trade,2024-01-03,MSFT,Long,2024-01-03T14:31:00+00:00,2024-01-03T15:56:00+00:00,369.4858,371.7684,0.81,1.85,0.006178,5100000,SessionClose,0.4302,0.2451,0.5383,0.5016,0.2514,0.4106,0.1031,0.4737,,,
summary,2024-01-03,MSFT,,,,,,,1.85,,1,,,,,,,,,,0.7667,2024-01-02T13:01:00+00:00,504,1134
summary,2024-01-05,SPY,,,,,,,0.00,,0,,,,,,,,,,0.4678,2024-01-02T17:00:00+00:00,542,2805
summary,2024-01-05,AAPL,,,,,,,0.00,,0,,,,,,,,,,0.7542,2024-01-02T14:32:00+00:00,100,2729
trade,2024-01-05,NVDA,Long,2024-01-05T15:58:00+00:00,2024-01-05T15:59:00+00:00,492.3512,492.3390,0.61,-0.01,-0.000025,60000,SessionClose,0.4818,0.4811,0.5218,0.4218,0.5885,0.5146,0.4218,0.5885,,,
summary,2024-01-05,NVDA,,,,,,,-0.01,,1,,,,,,,,,,0.6396,2024-01-02T16:46:00+00:00,1297,2556
summary,2024-01-08,NVDA,,,,,,,0.00,,0,,,,,,,,,,0.9567,2024-01-05T16:02:00+00:00,951,1162
summary,2024-01-09,QQQ,,,,,,,0.00,,0,,,,,,,,,,0.6934,2024-01-08T10:33:00+00:00,1207,1545
summary,2024-01-09,AAPL,,,,,,,0.00,,0,,,,,,,,,,0.7232,2024-01-08T11:34:00+00:00,1032,1371
trade,2024-01-09,NVDA,Long,2024-01-09T15:21:00+00:00,2024-01-09T15:56:00+00:00,523.8971,522.6132,0.42,-0.54,-0.002451,2100000,SessionClose,0.4049,0.2341,-0.0392,0.4191,0.5245,0.3428,0.0708,0.5245,,,
summary,2024-01-09,NVDA,,,,,,,-0.54,,1,,,,,,,,,,0.7996,2024-01-08T15:07:00+00:00,1295,1485
summary,2024-01-10,SPY,,,,,,,0.00,,0,,,,,,,,,,0.6389,2024-01-08T10:34:00+00:00,1580,2195
trade,2024-01-10,NVDA,Long,2024-01-10T14:31:00+00:00,2024-01-10T15:56:00+00:00,537.4462,544.4609,0.56,3.93,0.013052,5100000,SessionClose,0.4585,0.4827,0.5417,0.4562,0.4353,0.4160,0.4535,0.5633,,,
trade,2024-01-10,NVDA,Long,2024-01-10T15:58:00+00:00,2024-01-10T15:59:00+00:00,544.8460,545.3663,0.46,0.24,0.000955,60000,SessionClose,0.4749,0.4962,0.3383,0.4535,0.5633,0.5508,0.4535,0.5633,,,
summary,2024-01-10,NVDA,,,,,,,4.17,,2,,,,,,,,,,0.7996,2024-01-08T15:07:00+00:00,1993,2352
summary,2024-01-11,SPY,,,,,,,0.00,,0,,,,,,,,,,0.8014,2024-01-08T15:49:00+00:00,1977,2747
summary,2024-01-11,QQQ,,,,,,,0.00,,0,,,,,,,,,,0.9013,2024-01-08T15:49:00+00:00,2263,2969
summary,2024-01-11,NVDA,,,,,,,0.00,,0,,,,,,,,,,1.0000,2024-01-08T14:37:00+00:00,2488,2999
summary,2024-01-12,SPY,,,,,,,0.00,,0,,,,,,,,,,0.6049,2024-01-09T16:59:00+00:00,1835,2745
summary,2024-01-12,AAPL,,,,,,,0.00,,0,,,,,,,,,,0.7093,2024-01-09T16:55:00+00:00,1752,2604
summary,2024-01-15,SPY,,,,,,,0.00,,0,,,,,,,,,,0.3764,2024-01-12T14:40:00+00:00,72,556
summary,2024-01-15,QQQ,,,,,,,0.00,,0,,,,,,,,,,0.4822,2024-01-12T14:45:00+00:00,115,501
summary,2024-01-15,NVDA,,,,,,,0.00,,0,,,,,,,,,,0.8367,2024-01-12T14:33:00+00:00,240,552
summary,2024-01-15,MSFT,,,,,,,0.00,,0,,,,,,,,,,0.9147,2024-01-12T16:02:00+00:00,362,477
trade,2024-01-16,SPY,Long,2024-01-16T15:22:00+00:00,2024-01-16T15:56:00+00:00,475.8177,476.3570,0.63,0.34,0.001134,2040000,SessionClose,0.4031,0.3059,0.5184,0.3722,0.4265,0.4077,0.1547,0.5744,,,
summary,2024-01-16,SPY,,,,,,,0.34,,1,,,,,,,,,,0.4621,2024-01-16T15:24:00+00:00,218,621
trade,2024-01-16,QQQ,Long,2024-01-16T15:16:00+00:00,2024-01-16T15:56:00+00:00,408.9877,410.7817,0.73,1.32,0.004387,2400000,SessionClose,0.4021,0.4184,0.4947,0.3812,0.4130,0.0064,0.1962,1.0000,,,
summary,2024-01-16,QQQ,,,,,,,1.32,,1,,,,,,,,,,0.6024,2024-01-16T15:24:00+00:00,328,656
trade,2024-01-16,AAPL,Long,2024-01-16T15:21:00+00:00,2024-01-16T15:56:00+00:00,182.2847,183.7099,1.65,2.35,0.007819,2100000,SessionClose,0.3673,0.5865,0.5279,0.3389,0.3706,0.4089,0.4094,1.0000,,,
trade,2024-01-16,AAPL,Long,2024-01-16T15:58:00+00:00,2024-01-16T15:59:00+00:00,183.8501,183.7104,1.63,-0.23,-0.000760,60000,SessionClose,0.5885,0.5713,0.4289,0.4094,1.0000,0.2562,0.4094,1.0000,,,
summary,2024-01-16,AAPL,,,,,,,2.12,,2,,,,,,,,,,0.6579,2024-01-16T15:48:00+00:00,230,626
trade,2024-01-16,NVDA,Long,2024-01-16T14:31:00+00:00,2024-01-16T15:56:00+00:00,551.0103,565.8352,0.49,7.28,0.026905,5100000,SessionClose,0.4875,0.5168,0.4430,0.4687,0.5398,0.3786,0.2983,1.0000,,,
trade,2024-01-16,NVDA,Long,2024-01-16T15:58:00+00:00,2024-01-16T15:59:00+00:00,566.0328,565.4207,0.43,-0.27,-0.001081,60000,SessionClose,0.4993,0.4794,0.2034,0.2983,1.0000,0.0039,0.2983,1.0000,,,
summary,2024-01-16,NVDA,,,,,,,7.01,,2,,,,,,,,,,0.7786,2024-01-16T09:35:00+00:00,544,640
summary,2024-01-17,SPY,,,,,,,0.00,,0,,,,,,,,,,0.4621,2024-01-16T15:24:00+00:00,348,1393
summary,2024-01-17,QQQ,,,,,,,0.00,,0,,,,,,,,,,0.6024,2024-01-16T15:24:00+00:00,560,1506
summary,2024-01-17,AAPL,,,,,,,0.00,,0,,,,,,,,,,0.6579,2024-01-16T15:48:00+00:00,486,1350
summary,2024-01-17,MSFT,,,,,,,0.00,,0,,,,,,,,,,0.8164,2024-01-16T10:23:00+00:00,553,1242
summary,2024-01-18,QQQ,,,,,,,0.00,,0,,,,,,,,,,0.6024,2024-01-16T15:24:00+00:00,1246,2375
trade,2024-01-18,NVDA,Long,2024-01-18T15:46:00+00:00,2024-01-18T15:56:00+00:00,573.5570,574.7825,0.52,0.64,0.002137,600000,SessionClose,0.4129,0.2372,0.4899,0.3829,0.4473,0.1298,0.1501,0.4473,,,
summary,2024-01-18,NVDA,,,,,,,0.64,,1,,,,,,,,,,0.7786,2024-01-16T09:35:00+00:00,1812,2363
summary,2024-01-18,MSFT,,,,,,,0.00,,0,,,,,,,,,,0.8164,2024-01-16T10:23:00+00:00,997,1899
summary,2024-01-19,SPY,,,,,,,0.00,,0,,,,,,,,,,0.8410,2024-01-16T15:41:00+00:00,1404,2799
summary,2024-01-19,QQQ,,,,,,,0.00,,0,,,,,,,,,,0.9550,2024-01-16T15:48:00+00:00,1750,3008
summary,2024-01-19,AAPL,,,,,,,0.00,,0,,,,,,,,,,0.9580,2024-01-16T15:48:00+00:00,1701,2723
summary,2024-01-19,NVDA,,,,,,,0.00,,0,,,,,,,,,,1.0000,2024-01-16T14:35:00+00:00,2375,3009
summary,2024-01-22,AAPL,,,,,,,0.00,,0,,,,,,,,,,0.5837,2024-01-19T18:40:00+00:00,1012,1157
trade,2024-01-22,NVDA,Long,2024-01-22T14:32:00+00:00,2024-01-22T14:41:00+00:00,599.5842,598.1605,0.49,-0.70,-0.002375,540000,ScoreExit,0.4033,-0.1094,-0.0190,0.3828,0.5850,-0.3858,-0.4105,0.5850,,,
summary,2024-01-22,NVDA,,,,,,,-0.70,,1,,,,,,,,,,0.9553,2024-01-19T15:44:00+00:00,1139,1269
summary,2024-01-22,MSFT,,,,,,,0.00,,0,,,,,,,,,,0.5838,2024-01-19T20:59:00+00:00,803,1164
summary,2024-01-23,SPY,,,,,,,0.00,,0,,,,,,,,,,0.4721,2024-01-22T10:13:00+00:00,639,1348
summary,2024-01-23,QQQ,,,,,,,0.00,,0,,,,,,,,,,0.4768,2024-01-22T10:14:00+00:00,639,1526
summary,2024-01-23,NVDA,,,,,,,0.00,,0,,,,,,,,,,0.5699,2024-01-22T14:34:00+00:00,774,1433
summary,2024-01-23,MSFT,,,,,,,0.00,,0,,,,,,,,,,0.5212,2024-01-22T10:14:00+00:00,520,1175
trade,2024-01-24,QQQ,Long,2024-01-24T15:43:00+00:00,2024-01-24T15:56:00+00:00,429.0037,428.0865,0.70,-0.64,-0.002138,780000,SessionClose,0.4016,0.1275,0.5326,0.4000,0.3611,-0.5506,0.1237,0.3611,,,
summary,2024-01-24,QQQ,,,,,,,-0.64,,1,,,,,,,,,,0.4768,2024-01-22T10:14:00+00:00,1303,2387
trade,2024-01-24,AAPL,Long,2024-01-24T15:26:00+00:00,2024-01-24T15:56:00+00:00,195.9588,195.7962,1.53,-0.25,-0.000829,1800000,SessionClose,0.3699,0.1422,0.5402,0.3371,0.3785,-0.4966,0.1304,0.3785,,,
summary,2024-01-24,AAPL,,,,,,,-0.25,,1,,,,,,,,,,0.7258,2024-01-22T10:29:00+00:00,1246,2060
summary,2024-01-24,MSFT,,,,,,,0.00,,0,,,,,,,,,,0.5212,2024-01-22T10:14:00+00:00,1046,1866
summary,2024-01-25,SPY,,,,,,,0.00,,0,,,,,,,,,,0.3845,2024-01-24T09:08:00+00:00,1275,2664
summary,2024-01-25,QQQ,,,,,,,0.00,,0,,,,,,,,,,0.4388,2024-01-24T09:02:00+00:00,1613,2959
summary,2024-01-25,NVDA,,,,,,,0.00,,0,,,,,,,,,,1.0000,2024-01-22T14:34:00+00:00,1814,2858
summary,2024-01-26,QQQ,,,,,,,0.00,,0,,,,,,,,,,0.5510,2024-01-24T00:54:00+00:00,1615,3059
trade,2024-01-26,NVDA,Long,2024-01-26T15:31:00+00:00,2024-01-26T15:56:00+00:00,614.8066,617.4697,0.31,0.82,0.004332,1500000,SessionClose,0.4046,0.4532,0.5703,0.3679,0.4229,0.5659,0.4206,0.4808,,,
trade,2024-01-26,NVDA,Long,2024-01-26T15:58:00+00:00,2024-01-26T15:59:00+00:00,616.8000,616.6100,0.35,-0.07,-0.000308,60000,SessionClose,0.4147,0.4322,0.1808,0.4206,0.4808,0.3560,0.4206,0.4808,,,
summary,2024-01-26,NVDA,,,,,,,0.75,,2,,,,,,,,,,0.9491,2024-01-23T16:04:00+00:00,2079,2990
summary,2024-01-26,MSFT,,,,,,,0.00,,0,,,,,,,,,,0.5767,2024-01-23T20:12:00+00:00,1786,2440
summary,2024-01-29,SPY,,,,,,,0.00,,0,,,,,,,,,,0.7774,2024-01-26T15:50:00+00:00,549,1111
trade,2024-01-29,NVDA,Long,2024-01-29T14:41:00+00:00,2024-01-29T15:56:00+00:00,614.9694,615.9951,0.49,0.50,0.001668,4500000,SessionClose,0.4303,0.0562,0.5572,0.3429,0.5627,0.2548,-0.2104,0.5233,,,
summary,2024-01-29,NVDA,,,,,,,0.50,,1,,,,,,,,,,0.9572,2024-01-26T15:54:00+00:00,707,1154
trade,2024-01-29,MSFT,Long,2024-01-29T14:46:00+00:00,2024-01-29T15:46:00+00:00,407.2771,406.0382,0.74,-0.91,-0.003042,3600000,ScoreExit,0.4244,-0.0503,0.5639,0.3707,0.4854,0.0794,-0.2642,0.3342,,,
summary,2024-01-29,MSFT,,,,,,,-0.91,,1,,,,,,,,,,0.8853,2024-01-26T15:49:00+00:00,648,1052
summary,2024-01-30,SPY,,,,,,,0.00,,0,,,,,,,,,,0.4239,2024-01-29T20:19:00+00:00,920,1406
summary,2024-01-30,MSFT,,,,,,,0.00,,0,,,,,,,,,,0.9874,2024-01-29T09:03:00+00:00,974,1412
summary,2024-01-31,QQQ,,,,,,,0.00,,0,,,,,,,,,,0.4341,2024-01-29T20:18:00+00:00,981,2471
trade,2024-01-31,MSFT,Long,2024-01-31T14:31:00+00:00,2024-01-31T14:45:00+00:00,410.8082,408.1025,0.65,-1.76,-0.006586,840000,ScoreExit,0.5235,-0.0548,0.6071,0.6119,0.3189,-0.5372,-0.0692,0.1346,,,
summary,2024-01-31,MSFT,,,,,,,-1.76,,1,,,,,,,,,,0.9874,2024-01-29T09:03:00+00:00,1121,2303
summary,2024-02-01,SPY,,,,,,,0.00,,0,,,,,,,,,,0.5871,2024-01-29T20:19:00+00:00,1210,2900
summary,2024-02-01,AAPL,,,,,,,0.00,,0,,,,,,,,,,0.5562,2024-01-29T20:20:00+00:00,334,2730
summary,2024-02-01,NVDA,,,,,,,0.00,,0,,,,,,,,,,1.0000,2024-01-29T14:41:00+00:00,1633,2972
trade,2024-02-01,MSFT,Long,2024-02-01T14:36:00+00:00,2024-02-01T15:35:00+00:00,406.1668,405.9732,0.74,-0.14,-0.000477,3540000,ScoreExit,0.4326,-0.0691,0.6047,0.5109,0.2186,-0.4568,-0.0952,0.1122,,,
summary,2024-02-01,MSFT,,,,,,,-0.14,,1,,,,,,,,,,0.8958,2024-01-29T14:51:00+00:00,1213,2930
summary,2024-02-02,SPY,,,,,,,0.00,,0,,,,,,,,,,0.4003,2024-02-01T21:13:00+00:00,1018,2934
summary,2024-02-02,QQQ,,,,,,,0.00,,0,,,,,,,,,,0.4533,2024-02-01T21:12:00+00:00,930,3098
trade,2024-02-02,AAPL,Long,2024-02-02T15:02:00+00:00,2024-02-02T15:56:00+00:00,183.0699,185.5293,1.64,4.03,0.013434,3240000,SessionClose,0.3589,0.4537,0.4033,0.4077,0.2464,0.5410,0.4823,0.3673,,,
trade,2024-02-02,AAPL,Long,2024-02-02T15:58:00+00:00,2024-02-02T15:59:00+00:00,185.9808,185.4993,1.61,-0.78,-0.002589,60000,SessionClose,0.4734,0.4123,0.5783,0.4823,0.4206,0.1440,0.4823,0.3617,,,
summary,2024-02-02,AAPL,,,,,,,3.25,,2,,,,,,,,,,0.5113,2024-02-02T16:13:00+00:00,505,2877
trade,2024-02-02,NVDA,Long,2024-02-02T14:34:00+00:00,2024-02-02T15:56:00+00:00,640.7032,652.4992,0.38,4.50,0.018411,4920000,SessionClose,0.4583,0.1736,0.5178,0.3290,0.6969,0.0857,-0.0701,0.6904,,,
summary,2024-02-02,NVDA,,,,,,,4.50,,1,,,,,,,,,,0.8939,2024-01-30T15:23:00+00:00,1827,2976
summary,2024-02-02,MSFT,,,,,,,0.00,,0,,,,,,,,,,0.6956,2024-01-30T23:08:00+00:00,1052,2855
summary,2024-02-05,SPY,,,,,,,0.00,,0,,,,,,,,,,0.8584,2024-02-02T15:44:00+00:00,755,1184
summary,2024-02-05,QQQ,,,,,,,0.00,,0,,,,,,,,,,0.9304,2024-02-02T15:44:00+00:00,863,1244
trade,2024-02-05,AAPL,Long,2024-02-05T15:11:00+00:00,2024-02-05T15:56:00+00:00,187.9614,186.6490,1.60,-2.10,-0.006982,2700000,SessionClose,0.4719,0.2367,0.5763,0.3876,0.6055,0.5633,-0.0020,0.6055,,,
summary,2024-02-05,AAPL,,,,,,,-2.10,,1,,,,,,,,,,1.0000,2024-02-02T14:31:00+00:00,1086,1237
summary,2024-02-05,NVDA,,,,,,,0.00,,0,,,,,,,,,,1.0000,2024-02-02T14:36:00+00:00,1257,1301
summary,2024-02-06,SPY,,,,,,,0.00,,0,,,,,,,,,,0.7075,2024-02-05T10:41:00+00:00,791,1352
summary,2024-02-06,QQQ,,,,,,,0.00,,0,,,,,,,,,,0.7061,2024-02-05T10:34:00+00:00,839,1527
trade,2024-02-06,AAPL,Long,2024-02-06T14:44:00+00:00,2024-02-06T15:39:00+00:00,188.0474,187.8486,1.60,-0.32,-0.001057,3300000,ScoreExit,0.3524,-0.0873,0.5405,0.3543,0.2860,-0.3465,-0.2059,0.2364,,,
summary,2024-02-06,AAPL,,,,,,,-0.32,,1,,,,,,,,,,0.6137,2024-02-05T17:44:00+00:00,981,1385
trade,2024-02-07,QQQ,Long,2024-02-07T15:26:00+00:00,2024-02-07T15:56:00+00:00,432.0446,431.8254,0.69,-0.15,-0.000507,1800000,SessionClose,0.4158,0.0692,0.5252,0.4228,0.3652,-0.4872,0.0139,0.3652,,,
summary,2024-02-07,QQQ,,,,,,,-0.15,,1,,,,,,,,,,0.7061,2024-02-05T10:34:00+00:00,1430,2354
summary,2024-02-07,AAPL,,,,,,,0.00,,0,,,,,,,,,,0.6137,2024-02-05T17:44:00+00:00,1546,2148
trade,2024-02-07,MSFT,Long,2024-02-07T14:42:00+00:00,2024-02-07T15:56:00+00:00,409.5928,410.9317,0.73,0.98,0.003269,4440000,SessionClose,0.4027,0.0817,0.5741,0.4107,0.3297,-0.5294,0.0164,0.4159,,,
summary,2024-02-07,MSFT,,,,,,,0.98,,1,,,,,,,,,,0.4706,2024-02-05T09:43:00+00:00,841,1817
summary,2024-02-08,AAPL,,,,,,,0.00,,0,,,,,,,,,,0.8973,2024-02-05T15:14:00+00:00,1727,2556
summary,2024-02-09,SPY,,,,,,,0.00,,0,,,,,,,,,,0.4159,2024-02-07T15:29:00+00:00,1903,2682
summary,2024-02-09,AAPL,,,,,,,0.00,,0,,,,,,,,,,0.9017,2024-02-06T14:46:00+00:00,1389,2470
trade,2024-02-09,NVDA,Long,2024-02-09T15:08:00+00:00,2024-02-09T15:56:00+00:00,709.0076,714.6805,0.28,1.58,0.008001,2880000,SessionClose,0.4166,0.4256,0.4746,0.3313,0.5679,0.1056,0.4079,0.5679,,,
trade,2024-02-09,NVDA,Long,2024-02-09T15:58:00+00:00,2024-02-09T15:59:00+00:00,715.1795,714.4106,0.35,-0.27,-0.001075,60000,SessionClose,0.4340,0.4053,0.1896,0.4079,0.5679,-0.0981,0.4079,0.5679,,,
summary,2024-02-09,NVDA,,,,,,,1.31,,2,,,,,,,,,,0.6468,2024-02-06T20:19:00+00:00,2096,2969
summary,2024-02-12,SPY,,,,,,,0.00,,0,,,,,,,,,,0.7349,2024-02-09T16:02:00+00:00,773,1085
summary,2024-02-12,QQQ,,,,,,,0.00,,0,,,,,,,,,,0.8596,2024-02-09T15:46:00+00:00,837,1163
summary,2024-02-12,AAPL,,,,,,,0.00,,0,,,,,,,,,,0.6582,2024-02-09T16:44:00+00:00,256,1095
trade,2024-02-12,NVDA,Long,2024-02-12T14:33:00+00:00,2024-02-12T14:46:00+00:00,728.5911,727.4967,0.35,-0.38,-0.001502,780000,ScoreExit,0.4618,-0.1276,0.5525,0.4223,0.5108,-0.3610,-0.4079,0.5108,,,
trade,2024-02-12,NVDA,Long,2024-02-12T15:26:00+00:00,2024-02-12T15:56:00+00:00,730.5124,738.1135,0.22,1.66,0.010405,1800000,SessionClose,0.4584,0.6241,0.5373,0.2982,0.7524,0.5402,0.5739,0.7524,,,
trade,2024-02-12,NVDA,Long,2024-02-12T15:58:00+00:00,2024-02-12T15:59:00+00:00,740.0119,739.6730,0.23,-0.08,-0.000458,60000,SessionClose,0.6260,0.6250,0.5590,0.5739,0.7524,0.5492,0.5739,0.7524,,,
summary,2024-02-12,NVDA,,,,,,,1.21,,3,,,,,,,,,,0.9572,2024-02-09T15:45:00+00:00,1066,1275
summary,2024-02-13,SPY,,,,,,,0.00,,0,,,,,,,,,,0.6587,2024-02-12T11:17:00+00:00,248,1380
trade,2024-02-13,NVDA,Long,2024-02-13T15:16:00+00:00,2024-02-13T15:56:00+00:00,712.4837,730.0159,0.13,2.35,0.024607,2400000,SessionClose,0.4365,0.3417,0.0863,0.5350,0.3561,-0.2075,0.2386,0.7311,,,
summary,2024-02-13,NVDA,,,,,,,2.35,,1,,,,,,,,,,0.7303,2024-02-13T15:44:00+00:00,518,1551
summary,2024-02-13,MSFT,,,,,,,0.00,,0,,,,,,,,,,0.5732,2024-02-12T09:51:00+00:00,176,1180
summary,2024-02-14,SPY,,,,,,,0.00,,0,,,,,,,,,,0.6587,2024-02-12T11:17:00+00:00,806,2202
summary,2024-02-14,QQQ,,,,,,,0.00,,0,,,,,,,,,,0.4907,2024-02-12T16:34:00+00:00,597,2396
trade,2024-02-14,NVDA,Long,2024-02-14T14:31:00+00:00,2024-02-14T14:36:00+00:00,735.4556,733.6948,0.41,-0.72,-0.002394,300000,ScoreExit,0.4206,-0.0627,0.5620,0.3698,0.4748,-0.0613,-0.3316,0.4748,,,
trade,2024-02-14,NVDA,Long,2024-02-14T14:46:00+00:00,2024-02-14T15:41:00+00:00,736.0257,737.4097,0.27,0.38,0.001880,3300000,ScoreExit,0.4030,-0.1077,0.4983,0.3513,0.4748,-0.5447,-0.2057,0.2339,,,
summary,2024-02-14,NVDA,,,,,,,-0.34,,2,,,,,,,,,,0.7303,2024-02-13T15:44:00+00:00,1148,2413
summary,2024-02-15,AAPL,,,,,,,0.00,,0,,,,,,,,,,0.3962,2024-02-15T20:57:00+00:00,236,2603
summary,2024-02-15,MSFT,,,,,,,0.00,,0,,,,,,,,,,0.7988,2024-02-12T15:59:00+00:00,321,2381
summary,2024-02-16,QQQ,,,,,,,0.00,,0,,,,,,,,,,0.9555,2024-02-13T15:43:00+00:00,1934,2957
summary,2024-02-16,NVDA,,,,,,,0.00,,0,,,,,,,,,,1.0000,2024-02-13T14:32:00+00:00,2268,3003
summary,2024-02-16,MSFT,,,,,,,0.00,,0,,,,,,,,,,0.9526,2024-02-13T15:41:00+00:00,1162,2388
summary,2024-02-19,SPY,,,,,,,0.00,,0,,,,,,,,,,0.5553,2024-02-16T15:54:00+00:00,186,554
summary,2024-02-19,QQQ,,,,,,,0.00,,0,,,,,,,,,,0.5017,2024-02-16T16:20:00+00:00,175,540
summary,2024-02-19,NVDA,,,,,,,0.00,,0,,,,,,,,,,1.0000,2024-02-16T14:36:00+00:00,189,610
summary,2024-02-20,QQQ,,,,,,,0.00,,0,,,,,,,,,,0.3969,2024-02-20T20:59:00+00:00,184,694
summary,2024-02-20,AAPL,,,,,,,0.00,,0,,,,,,,,,,0.5498,2024-02-20T12:14:00+00:00,239,588
summary,2024-02-20,NVDA,,,,,,,0.00,,0,,,,,,,,,,0.6681,2024-02-20T19:47:00+00:00,216,711
summary,2024-02-20,MSFT,,,,,,,0.00,,0,,,,,,,,,,0.6247,2024-02-20T12:06:00+00:00,226,563
summary,2024-02-21,SPY,,,,,,,0.00,,0,,,,,,,,,,0.3918,2024-02-21T20:55:00+00:00,537,1407
summary,2024-02-21,QQQ,,,,,,,0.00,,0,,,,,,,,,,0.4126,2024-02-21T20:59:00+00:00,416,1550
summary,2024-02-21,NVDA,,,,,,,0.00,,0,,,,,,,,,,0.6681,2024-02-20T19:47:00+00:00,264,1612
summary,2024-02-21,MSFT,,,,,,,0.00,,0,,,,,,,,,,0.6247,2024-02-20T12:06:00+00:00,468,1177
summary,2024-02-22,SPY,,,,,,,0.00,,0,,,,,,,,,,0.4185,2024-02-22T09:00:00+00:00,1337,2309
trade,2024-02-22,QQQ,Long,2024-02-22T14:48:00+00:00,2024-02-22T15:46:00+00:00,435.6156,434.7245,0.69,-0.61,-0.002046,3480000,ScoreExit,0.4010,-0.0881,0.5650,0.3698,0.4087,-0.5487,-0.2458,0.3808,,,
summary,2024-02-22,QQQ,,,,,,,-0.61,,1,,,,,,,,,,0.4825,2024-02-22T09:01:00+00:00,1254,2493
summary,2024-02-22,AAPL,,,,,,,0.00,,0,,,,,,,,,,0.5498,2024-02-20T12:14:00+00:00,1356,2158
trade,2024-02-22,NVDA,Long,2024-02-22T14:36:00+00:00,2024-02-22T15:56:00+00:00,758.1974,775.5873,0.09,1.56,0.022936,4800000,SessionClose,0.5499,0.3135,0.4999,0.5237,0.6191,0.3427,0.1612,0.6083,,,
summary,2024-02-22,NVDA,,,,,,,1.56,,1,,,,,,,,,,0.8400,2024-02-21T21:59:00+00:00,1108,2567
trade,2024-02-22,MSFT,Long,2024-02-22T14:41:00+00:00,2024-02-22T15:46:00+00:00,411.5084,410.0120,0.73,-1.09,-0.003637,3900000,ScoreExit,0.4309,-0.0992,0.5731,0.3884,0.4686,-0.5648,-0.2699,0.3976,,,
summary,2024-02-22,MSFT,,,,,,,-1.09,,1,,,,,,,,,,0.6247,2024-02-20T12:06:00+00:00,1176,2005
summary,2024-02-23,SPY,,,,,,,0.00,,0,,,,,,,,,,0.5754,2024-02-20T16:01:00+00:00,1732,2841
summary,2024-02-23,QQQ,,,,,,,0.00,,0,,,,,,,,,,0.6530,2024-02-20T16:01:00+00:00,1748,3046
summary,2024-02-23,AAPL,,,,,,,0.00,,0,,,,,,,,,,0.5447,2024-02-21T00:24:00+00:00,1576,2643
summary,2024-02-26,SPY,,,,,,,0.00,,0,,,,,,,,,,0.3030,2024-02-23T17:09:00+00:00,184,1097
summary,2024-02-26,AAPL,,,,,,,0.00,,0,,,,,,,,,,0.1117,2024-02-23T14:31:00+00:00,2,1104
trade,2024-02-26,NVDA,Long,2024-02-26T14:32:00+00:00,2024-02-26T14:39:00+00:00,804.0862,797.1498,0.27,-1.84,-0.008626,420000,ScoreExit,0.5057,-0.0828,0.6085,0.4414,0.6000,-0.5059,-0.1216,0.1358,,,
summary,2024-02-26,NVDA,,,,,,,-1.84,,1,,,,,,,,,,1.0000,2024-02-23T14:32:00+00:00,438,1276
summary,2024-02-27,SPY,,,,,,,0.00,,0,,,,,,,,,,0.7178,2024-02-26T10:44:00+00:00,484,1351
summary,2024-02-27,QQQ,,,,,,,0.00,,0,,,,,,,,,,0.7338,2024-02-26T10:29:00+00:00,785,1493
summary,2024-02-27,AAPL,,,,,,,0.00,,0,,,,,,,,,,0.6037,2024-02-27T19:32:00+00:00,451,1265
summary,2024-02-27,NVDA,,,,,,,0.00,,0,,,,,,,,,,0.8952,2024-02-26T09:36:00+00:00,637,1510
summary,2024-02-27,MSFT,,,,,,,0.00,,0,,,,,,,,,,0.4717,2024-02-26T13:39:00+00:00,162,1077
summary,2024-02-28,AAPL,,,,,,,0.00,,0,,,,,,,,,,0.6037,2024-02-27T19:32:00+00:00,777,2098
summary,2024-02-28,NVDA,,,,,,,0.00,,0,,,,,,,,,,0.8952,2024-02-26T09:36:00+00:00,753,2356
summary,2024-02-28,MSFT,,,,,,,0.00,,0,,,,,,,,,,0.4717,2024-02-26T13:39:00+00:00,409,1617
summary,2024-02-29,SPY,,,,,,,0.00,,0,,,,,,,,,,0.3537,2024-02-29T13:44:00+00:00,830,2737
summary,2024-02-29,QQQ,,,,,,,0.00,,0,,,,,,,,,,0.5113,2024-02-26T15:44:00+00:00,1021,2876
summary,2024-02-29,AAPL,,,,,,,0.00,,0,,,,,,,,,,0.6088,2024-02-27T19:32:00+00:00,709,2672
trade,2024-03-01,NVDA,Long,2024-03-01T14:33:00+00:00,2024-03-01T15:56:00+00:00,804.9164,810.3957,0.33,1.79,0.006807,4980000,SessionClose,0.4056,0.5180,0.5539,0.3451,0.4771,0.5475,0.4480,0.6480,,,
trade,2024-03-01,NVDA,Long,2024-03-01T15:58:00+00:00,2024-03-01T15:59:00+00:00,811.9885,811.3715,0.23,-0.14,-0.000760,60000,SessionClose,0.5141,0.5153,0.5085,0.4480,0.6480,0.5209,0.4480,0.6480,,,
summary,2024-03-01,NVDA,,,,,,,1.65,,2,,,,,,,,,,0.8941,2024-02-27T15:19:00+00:00,1745,2922
summary,2024-03-04,SPY,,,,,,,0.00,,0,,,,,,,,,,0.8050,2024-03-01T16:04:00+00:00,818,1136
summary,2024-03-04,QQQ,,,,,,,0.00,,0,,,,,,,,,,0.8564,2024-03-01T16:04:00+00:00,922,1197
trade,2024-03-04,NVDA,Long,2024-03-04T14:36:00+00:00,2024-03-04T15:56:00+00:00,843.8070,851.9662,0.17,1.42,0.009670,4800000,SessionClose,0.5377,0.3282,0.4466,0.4683,0.7070,-0.4820,0.2082,0.8383,,,
summary,2024-03-04,NVDA,,,,,,,1.42,,1,,,,,,,,,,0.9578,2024-03-01T16:03:00+00:00,1208,1278
summary,2024-03-05,QQQ,,,,,,,0.00,,0,,,,,,,,,,0.3824,2024-03-04T19:39:00+00:00,166,1518
summary,2024-03-05,AAPL,,,,,,,0.00,,0,,,,,,,,,,0.6083,2024-03-04T13:04:00+00:00,155,1485
summary,2024-03-05,NVDA,,,,,,,0.00,,0,,,,,,,,,,0.6766,2024-03-04T14:40:00+00:00,1109,1589
summary,2024-03-05,MSFT,,,,,,,0.00,,0,,,,,,,,,,0.6399,2024-03-04T15:00:00+00:00,285,1102
summary,2024-03-06,MSFT,,,,,,,0.00,,0,,,,,,,,,,0.6399,2024-03-04T15:00:00+00:00,285,1806
summary,2024-03-07,AAPL,,,,,,,0.00,,0,,,,,,,,,,0.6236,2024-03-04T19:43:00+00:00,180,2957
trade,2024-03-07,NVDA,Long,2024-03-07T14:53:00+00:00,2024-03-07T15:56:00+00:00,907.2614,916.5849,0.14,1.29,0.010277,3780000,SessionClose,0.4015,0.2824,0.5004,0.3573,0.4572,-0.1755,0.2162,0.5675,,,
summary,2024-03-07,NVDA,,,,,,,1.29,,1,,,,,,,,,,1.0000,2024-03-04T14:36:00+00:00,2277,3147
summary,2024-03-08,SPY,,,,,,,0.00,,0,,,,,,,,,,0.3888,2024-03-06T16:19:00+00:00,1610,2785
trade,2024-03-08,AAPL,Long,2024-03-08T14:51:00+00:00,2024-03-08T15:56:00+00:00,170.1661,171.1735,1.76,1.78,0.005920,3900000,SessionClose,0.3681,0.1522,0.5616,0.4033,0.2331,0.1127,0.0416,0.3864,,,
summary,2024-03-08,AAPL,,,,,,,1.78,,1,,,,,,,,,,1.0000,2024-03-05T14:33:00+00:00,1009,2945
summary,2024-03-08,MSFT,,,,,,,0.00,,0,,,,,,,,,,0.4816,2024-03-06T09:16:00+00:00,1089,2342
summary,2024-03-11,QQQ,,,,,,,0.00,,0,,,,,,,,,,0.7297,2024-03-08T15:06:00+00:00,68,1271
trade,2024-03-12,SPY,Long,2024-03-12T14:22:00+00:00,2024-03-12T15:56:00+00:00,513.9891,515.7302,0.58,1.02,0.003387,5640000,SessionClose,0.4127,0.1420,0.3388,0.3839,0.4951,0.3382,-0.0595,0.4796,,,
summary,2024-03-12,SPY,,,,,,,1.02,,1,,,,,,,,,,0.5083,2024-03-11T09:21:00+00:00,984,1406
trade,2024-03-12,QQQ,Long,2024-03-12T14:23:00+00:00,2024-03-12T15:56:00+00:00,440.2770,442.2523,0.68,1.35,0.004486,5580000,SessionClose,0.4451,0.0995,0.5132,0.3980,0.5165,0.0798,-0.0993,0.5036,,,
summary,2024-03-12,QQQ,,,,,,,1.35,,1,,,,,,,,,,0.7913,2024-03-11T09:22:00+00:00,1030,1509
summary,2024-03-12,AAPL,,,,,,,0.00,,0,,,,,,,,,,0.6251,2024-03-11T13:29:00+00:00,788,1399
trade,2024-03-12,NVDA,Long,2024-03-12T14:06:00+00:00,2024-03-12T15:56:00+00:00,876.7479,906.9078,0.10,3.04,0.034400,6600000,SessionClose,0.4308,0.3791,0.3957,0.1808,0.9427,0.2754,0.1231,0.9257,,,
summary,2024-03-12,NVDA,,,,,,,3.04,,1,,,,,,,,,,0.9587,2024-03-11T09:13:00+00:00,1107,1590
trade,2024-03-12,MSFT,Long,2024-03-12T13:33:00+00:00,2024-03-12T15:34:00+00:00,409.4428,413.5309,0.73,3.00,0.009985,7260000,MaxHoldTimeout,0.4023,0.2702,0.6020,0.3005,0.5395,0.2420,0.0955,0.6290,,,
summary,2024-03-12,MSFT,,,,,,,3.00,,1,,,,,,,,,,0.5740,2024-03-12T14:31:00+00:00,814,1070
summary,2024-03-13,SPY,,,,,,,0.00,,0,,,,,,,,,,0.5083,2024-03-11T09:21:00+00:00,1477,2186
summary,2024-03-13,AAPL,,,,,,,0.00,,0,,,,,,,,,,0.6251,2024-03-11T13:29:00+00:00,898,2122
summary,2024-03-14,SPY,,,,,,,0.00,,0,,,,,,,,,,0.6193,2024-03-11T15:00:00+00:00,1821,2734
summary,2024-03-14,QQQ,,,,,,,0.00,,0,,,,,,,,,,0.8016,2024-03-11T14:54:00+00:00,1922,2947
summary,2024-03-14,NVDA,,,,,,,0.00,,0,,,,,,,,,,1.0000,2024-03-11T13:37:00+00:00,1795,3057
summary,2024-03-14,MSFT,,,,,,,0.00,,0,,,,,,,,,,0.7093,2024-03-11T14:54:00+00:00,1809,2256
summary,2024-03-15,SPY,,,,,,,0.00,,0,,,,,,,,,,0.9554,2024-03-12T14:47:00+00:00,1339,2784
summary,2024-03-15,QQQ,,,,,,,0.00,,0,,,,,,,,,,0.9560,2024-03-12T14:49:00+00:00,1230,2986
trade,2024-03-15,NVDA,Long,2024-03-15T14:31:00+00:00,2024-03-15T15:36:00+00:00,887.4648,889.5061,0.10,0.20,0.002300,3900000,ScoreExit,0.4374,-0.0927,0.5836,0.5812,0.1011,-0.4277,-0.1751,0.1838,,,
summary,2024-03-15,NVDA,,,,,,,0.20,,1,,,,,,,,,,0.9580,2024-03-12T14:48:00+00:00,1613,3077
trade,2024-03-18,AAPL,Long,2024-03-18T13:34:00+00:00,2024-03-18T15:35:00+00:00,176.0298,176.6220,1.71,1.01,0.003364,7260000,MaxHoldTimeout,0.5359,-0.0228,0.5075,0.4378,0.7416,-0.4665,-0.2547,0.5889,,,
summary,2024-03-18,AAPL,,,,,,,1.01,,1,,,,,,,,,,0.6223,2024-03-18T13:49:00+00:00,694,1175
summary,2024-03-18,NVDA,,,,,,,0.00,,0,,,,,,,,,,1.0000,2024-03-15T13:40:00+00:00,800,1261
trade,2024-03-18,MSFT,Long,2024-03-18T13:36:00+00:00,2024-03-18T15:13:00+00:00,418.0459,418.0845,0.72,0.03,0.000092,5820000,ScoreExit,0.4807,-0.0698,0.6025,0.5228,0.3559,-0.5328,-0.2293,0.4035,,,
summary,2024-03-18,MSFT,,,,,,,0.03,,1,,,,,,,,,,0.5347,2024-03-18T13:41:00+00:00,355,1071
summary,2024-03-19,SPY,,,,,,,0.00,,0,,,,,,,,,,0.4202,2024-03-18T11:14:00+00:00,596,1413
summary,2024-03-19,QQQ,,,,,,,0.00,,0,,,,,,,,,,0.4977,2024-03-18T12:13:00+00:00,530,1548
trade,2024-03-19,AAPL,Long,2024-03-19T14:37:00+00:00,2024-03-19T15:24:00+00:00,174.9575,174.8325,1.72,-0.21,-0.000714,2820000,ScoreExit,0.3582,-0.0781,0.4981,0.4203,0.1873,-0.4060,-0.1729,0.2206,,,
summary,2024-03-19,AAPL,,,,,,,-0.21,,1,,,,,,,,,,0.7002,2024-03-18T13:49:00+00:00,585,1416
summary,2024-03-19,NVDA,,,,,,,0.00,,0,,,,,,,,,,0.7467,2024-03-18T13:36:00+00:00,646,1558
trade,2024-03-19,MSFT,Long,2024-03-19T13:30:00+00:00,2024-03-19T15:31:00+00:00,418.0904,421.0586,0.72,2.13,0.007100,7260000,MaxHoldTimeout,0.4148,0.4080,0.5945,0.4488,0.2867,0.5154,0.3241,0.5399,,,
summary,2024-03-19,MSFT,,,,,,,2.13,,1,,,,,,,,,,0.6795,2024-03-18T13:41:00+00:00,670,1187
summary,2024-03-20,SPY,,,,,,,0.00,,0,,,,,,,,,,0.4202,2024-03-18T11:14:00+00:00,1087,2144
summary,2024-03-20,QQQ,,,,,,,0.00,,0,,,,,,,,,,0.4977,2024-03-18T12:13:00+00:00,1048,2395
summary,2024-03-20,AAPL,,,,,,,0.00,,0,,,,,,,,,,0.7002,2024-03-18T13:49:00+00:00,1091,2150
summary,2024-03-20,NVDA,,,,,,,0.00,,0,,,,,,,,,,0.7467,2024-03-18T13:36:00+00:00,1170,2409
summary,2024-03-21,SPY,,,,,,,0.00,,0,,,,,,,,,,0.4548,2024-03-18T14:49:00+00:00,1499,2800
summary,2024-03-21,QQQ,,,,,,,0.00,,0,,,,,,,,,,0.6869,2024-03-18T14:42:00+00:00,1465,3034
summary,2024-03-21,AAPL,,,,,,,0.00,,0,,,,,,,,,,0.9380,2024-03-18T13:46:00+00:00,1163,2774
summary,2024-03-21,NVDA,,,,,,,0.00,,0,,,,,,,,,,1.0000,2024-03-18T13:31:00+00:00,1661,3039
summary,2024-03-21,MSFT,,,,,,,0.00,,0,,,,,,,,,,1.0000,2024-03-18T13:35:00+00:00,1434,2187
summary,2024-03-22,AAPL,,,,,,,0.00,,0,,,,,,,,,,0.9450,2024-03-19T14:40:00+00:00,1326,2833
summary,2024-03-22,MSFT,,,,,,,0.00,,0,,,,,,,,,,0.9521,2024-03-19T14:55:00+00:00,1535,2147
summary,2024-03-25,SPY,,,,,,,0.00,,0,,,,,,,,,,0.3345,2024-03-22T17:55:00+00:00,280,1151
summary,2024-03-25,AAPL,,,,,,,0.00,,0,,,,,,,,,,0.9567,2024-03-22T14:42:00+00:00,617,1138
trade,2024-03-25,NVDA,Long,2024-03-25T13:46:00+00:00,2024-03-25T15:47:00+00:00,942.8136,957.6908,0.11,1.60,0.015780,7260000,MaxHoldTimeout,0.5145,0.1803,0.3222,0.4585,0.6906,0.2767,-0.0692,0.6471,,,
summary,2024-03-25,NVDA,,,,,,,1.60,,1,,,,,,,,,,1.0000,2024-03-22T13:36:00+00:00,1126,1288
summary,2024-03-26,QQQ,,,,,,,0.00,,0,,,,,,,,,,0.4369,2024-03-25T18:09:00+00:00,856,1495
summary,2024-03-26,AAPL,,,,,,,0.00,,0,,,,,,,,,,0.6057,2024-03-25T12:04:00+00:00,735,1307
summary,2024-03-26,NVDA,,,,,,,0.00,,0,,,,,,,,,,0.8436,2024-03-25T08:51:00+00:00,802,1510
summary,2024-03-27,SPY,,,,,,,0.00,,0,,,,,,,,,,0.3663,2024-03-27T19:59:00+00:00,1074,2191
trade,2024-03-27,AAPL,Long,2024-03-27T13:38:00+00:00,2024-03-27T15:39:00+00:00,170.8462,172.5532,1.76,3.00,0.009991,7260000,MaxHoldTimeout,0.3778,0.0483,0.5143,0.3803,0.3275,-0.0288,-0.0889,0.3484,,,
summary,2024-03-27,AAPL,,,,,,,3.00,,1,,,,,,,,,,0.6057,2024-03-25T12:04:00+00:00,1202,2089
summary,2024-03-27,MSFT,,,,,,,0.00,,0,,,,,,,,,,0.5084,2024-03-25T12:03:00+00:00,505,1670
summary,2024-03-28,SPY,,,,,,,0.00,,0,,,,,,,,,,0.4997,2024-03-25T15:03:00+00:00,1597,2782
summary,2024-03-28,QQQ,,,,,,,0.00,,0,,,,,,,,,,0.7123,2024-03-25T15:03:00+00:00,1466,2890
summary,2024-03-29,NVDA,,,,,,,0.00,,0,,,,,,,,,,0.5780,2024-03-26T18:08:00+00:00,229,2250
summary,2024-03-29,MSFT,,,,,,,0.00,,0,,,,,,,,,,0.4154,2024-03-26T15:58:00+00:00,177,1553
trade,2024-04-01,QQQ,Long,2024-04-01T13:36:00+00:00,2024-04-01T14:16:00+00:00,446.6193,446.7209,0.67,0.07,0.000227,2400000,ScoreExit,0.4350,-0.0822,0.5211,0.4000,0.4763,-0.0528,-0.1803,0.1043,,,
summary,2024-04-01,QQQ,,,,,,,0.07,,1,,,,,,,,,,0.4790,2024-04-01T13:39:00+00:00,120,636
trade,2024-04-01,MSFT,Long,2024-04-01T13:33:00+00:00,2024-04-01T14:38:00+00:00,424.6724,424.8075,0.71,0.10,0.000318,3900000,ScoreExit,0.4686,-0.1355,0.5194,0.4416,0.5058,-0.1476,-0.2126,0.0228,,,
summary,2024-04-01,MSFT,,,,,,,0.10,,1,,,,,,,,,,0.6235,2024-04-01T13:34:00+00:00,103,502
summary,2024-04-02,SPY,,,,,,,0.00,,0,,,,,,,,,,0.2676,2024-04-02T19:49:00+00:00,135,1352
summary,2024-04-02,QQQ,,,,,,,0.00,,0,,,,,,,,,,0.4790,2024-04-01T13:39:00+00:00,255,1421
summary,2024-04-02,AAPL,,,,,,,0.00,,0,,,,,,,,,,0.5467,2024-04-01T09:34:00+00:00,113,1314
summary,2024-04-02,NVDA,,,,,,,0.00,,0,,,,,,,,,,0.7156,2024-04-01T13:38:00+00:00,378,1361
summary,2024-04-02,MSFT,,,,,,,0.00,,0,,,,,,,,,,0.6235,2024-04-01T13:34:00+00:00,274,1080
summary,2024-04-03,QQQ,,,,,,,0.00,,0,,,,,,,,,,0.4790,2024-04-01T13:39:00+00:00,589,2206
trade,2024-04-03,NVDA,Long,2024-04-03T14:01:00+00:00,2024-04-03T15:36:00+00:00,894.0031,900.5348,0.14,0.92,0.007306,5700000,ScoreExit,0.4116,-0.0567,0.5177,0.5413,0.1167,-0.4953,-0.1345,0.2450,,,
summary,2024-04-03,NVDA,,,,,,,0.92,,1,,,,,,,,,,0.7156,2024-04-01T13:38:00+00:00,583,2135
summary,2024-04-03,MSFT,,,,,,,0.00,,0,,,,,,,,,,0.6235,2024-04-01T13:34:00+00:00,473,1627
summary,2024-04-04,SPY,,,,,,,0.00,,0,,,,,,,,,,0.3516,2024-04-01T13:41:00+00:00,848,2708
summary,2024-04-04,QQQ,,,,,,,0.00,,0,,,,,,,,,,0.6886,2024-04-01T13:38:00+00:00,1006,2763
summary,2024-04-04,AAPL,,,,,,,0.00,,0,,,,,,,,,,0.4287,2024-04-03T14:43:00+00:00,937,2565
summary,2024-04-05,SPY,,,,,,,0.00,,0,,,,,,,,,,0.4176,2024-04-02T19:49:00+00:00,1379,2764
summary,2024-04-05,MSFT,,,,,,,0.00,,0,,,,,,,,,,0.5280,2024-04-02T17:36:00+00:00,1285,2077
summary,2024-04-08,SPY,,,,,,,0.00,,0,,,,,,,,,,0.9253,2024-04-05T14:59:00+00:00,804,1140
trade,2024-04-08,QQQ,Long,2024-04-08T14:52:00+00:00,2024-04-08T15:28:00+00:00,442.5877,441.2926,0.68,-0.88,-0.002926,2160000,ScoreExit,0.4012,-0.0926,0.5448,0.3498,0.4560,-0.5503,-0.1862,0.2474,,,
summary,2024-04-08,QQQ,,,,,,,-0.88,,1,,,,,,,,,,0.9560,2024-04-05T15:00:00+00:00,822,1184
summary,2024-04-08,AAPL,,,,,,,0.00,,0,,,,,,,,,,0.7758,2024-04-05T15:00:00+00:00,259,1103
summary,2024-04-09,SPY,,,,,,,0.00,,0,,,,,,,,,,0.4455,2024-04-08T11:02:00+00:00,680,1322
summary,2024-04-09,QQQ,,,,,,,0.00,,0,,,,,,,,,,0.4632,2024-04-08T14:51:00+00:00,749,1417
trade,2024-04-09,AAPL,Long,2024-04-09T13:36:00+00:00,2024-04-09T14:31:00+00:00,168.9747,169.0943,1.78,0.21,0.000708,3300000,ScoreExit,0.3641,-0.1612,0.5364,0.3443,0.3463,-0.5252,-0.3128,0.2632,,,
summary,2024-04-09,AAPL,,,,,,,0.21,,1,,,,,,,,,,0.4215,2024-04-09T19:59:00+00:00,532,1293
summary,2024-04-09,NVDA,,,,,,,0.00,,0,,,,,,,,,,0.6094,2024-04-08T11:07:00+00:00,295,1350
summary,2024-04-09,MSFT,,,,,,,0.00,,0,,,,,,,,,,0.5506,2024-04-08T14:30:00+00:00,503,1010
summary,2024-04-10,SPY,,,,,,,0.00,,0,,,,,,,,,,0.4455,2024-04-08T11:02:00+00:00,883,2064
summary,2024-04-10,AAPL,,,,,,,0.00,,0,,,,,,,,,,0.4215,2024-04-09T19:59:00+00:00,912,2033
trade,2024-04-10,NVDA,Long,2024-04-10T13:36:00+00:00,2024-04-10T15:37:00+00:00,848.5096,867.3347,0.11,2.03,0.022186,7260000,MaxHoldTimeout,0.5470,0.0952,0.6122,0.6619,0.2954,-0.3702,-0.0430,0.5268,,,
summary,2024-04-10,NVDA,,,,,,,2.03,,1,,,,,,,,,,0.6949,2024-04-10T13:54:00+00:00,653,2161
summary,2024-04-11,QQQ,,,,,,,0.00,,0,,,,,,,,,,0.8573,2024-04-08T14:51:00+00:00,1233,2807
trade,2024-04-11,NVDA,Long,2024-04-11T14:36:00+00:00,2024-04-11T15:56:00+00:00,881.9093,887.3787,0.14,0.75,0.006202,4800000,SessionClose,0.4758,0.3857,0.3342,0.4445,0.5855,0.2464,0.3032,0.5973,,,
summary,2024-04-11,NVDA,,,,,,,0.75,,1,,,,,,,,,,0.8867,2024-04-08T14:33:00+00:00,1183,2746
summary,2024-04-11,MSFT,,,,,,,0.00,,0,,,,,,,,,,0.8340,2024-04-08T14:30:00+00:00,916,2100
summary,2024-04-12,QQQ,,,,,,,0.00,,0,,,,,,,,,,0.6206,2024-04-09T20:02:00+00:00,1290,2928
summary,2024-04-12,NVDA,,,,,,,0.00,,0,,,,,,,,,,0.7868,2024-04-10T13:54:00+00:00,1914,2858
summary,2024-04-12,MSFT,,,,,,,0.00,,0,,,,,,,,,,0.7173,2024-04-09T13:41:00+00:00,760,2159
summary,2024-04-15,QQQ,,,,,,,0.00,,0,,,,,,,,,,0.4308,2024-04-15T08:11:00+00:00,374,1235
summary,2024-04-15,AAPL,,,,,,,0.00,,0,,,,,,,,,,1.0000,2024-04-12T13:36:00+00:00,228,1209
trade,2024-04-15,NVDA,Long,2024-04-15T13:39:00+00:00,2024-04-15T14:41:00+00:00,890.3820,894.8033,0.15,0.66,0.004966,3720000,ScoreExit,0.4204,-0.0707,0.3950,0.3025,0.6645,-0.4831,-0.3200,0.5655,,,
summary,2024-04-15,NVDA,,,,,,,0.66,,1,,,,,,,,,,0.6226,2024-04-15T13:53:00+00:00,385,1205
summary,2024-04-16,SPY,,,,,,,0.00,,0,,,,,,,,,,0.3981,2024-04-15T13:02:00+00:00,209,1504
summary,2024-04-16,QQQ,,,,,,,0.00,,0,,,,,,,,,,0.3878,2024-04-15T13:14:00+00:00,251,1626
summary,2024-04-16,AAPL,,,,,,,0.00,,0,,,,,,,,,,0.6235,2024-04-15T15:05:00+00:00,245,1425
trade,2024-04-16,NVDA,Long,2024-04-16T13:56:00+00:00,2024-04-16T14:26:00+00:00,869.3757,872.5710,0.12,0.39,0.003675,1800000,ScoreExit,0.4204,-0.0901,0.4993,0.4765,0.2821,-0.5235,-0.1268,0.1278,,,
summary,2024-04-16,NVDA,,,,,,,0.39,,1,,,,,,,,,,0.8971,2024-04-15T09:09:00+00:00,783,1519
summary,2024-04-16,MSFT,,,,,,,0.00,,0,,,,,,,,,,0.4774,2024-04-15T13:27:00+00:00,298,1172
summary,2024-04-17,SPY,,,,,,,0.00,,0,,,,,,,,,,0.3981,2024-04-15T13:02:00+00:00,283,2348
summary,2024-04-17,QQQ,,,,,,,0.00,,0,,,,,,,,,,0.3878,2024-04-15T13:14:00+00:00,270,2492
summary,2024-04-17,NVDA,,,,,,,0.00,,0,,,,,,,,,,0.8971,2024-04-15T09:09:00+00:00,1113,2332
summary,2024-04-17,MSFT,,,,,,,0.00,,0,,,,,,,,,,0.4774,2024-04-15T13:27:00+00:00,394,1759
summary,2024-04-18,SPY,,,,,,,0.00,,0,,,,,,,,,,0.3888,2024-04-15T13:40:00+00:00,203,2899
summary,2024-04-18,QQQ,,,,,,,0.00,,0,,,,,,,,,,0.3996,2024-04-15T13:40:00+00:00,280,3044
summary,2024-04-18,AAPL,,,,,,,0.00,,0,,,,,,,,,,0.9570,2024-04-15T15:04:00+00:00,137,2604
summary,2024-04-18,NVDA,,,,,,,0.00,,0,,,,,,,,,,1.0000,2024-04-15T13:40:00+00:00,917,2960
summary,2024-04-18,MSFT,,,,,,,0.00,,0,,,,,,,,,,0.5590,2024-04-15T14:00:00+00:00,351,2197
summary,2024-04-19,SPY,,,,,,,0.00,,0,,,,,,,,,,0.5602,2024-04-16T15:54:00+00:00,596,2912
summary,2024-04-19,QQQ,,,,,,,0.00,,0,,,,,,,,,,0.6339,2024-04-16T14:15:00+00:00,580,3033
summary,2024-04-19,NVDA,,,,,,,0.00,,0,,,,,,,,,,0.9074,2024-04-16T13:58:00+00:00,855,2924
summary,2024-04-22,SPY,,,,,,,0.00,,0,,,,,,,,,,0.4605,2024-04-22T17:51:00+00:00,493,1216
summary,2024-04-22,AAPL,,,,,,,0.00,,0,,,,,,,,,,0.4874,2024-04-22T17:51:00+00:00,466,1139
trade,2024-04-22,MSFT,Long,2024-04-22T13:36:00+00:00,2024-04-22T13:55:00+00:00,401.7455,400.5548,0.75,-0.89,-0.002964,1140000,ScoreExit,0.4070,-0.0794,0.5714,0.4268,0.3126,-0.5315,-0.1228,0.1581,,,
summary,2024-04-22,MSFT,,,,,,,-0.89,,1,,,,,,,,,,0.4525,2024-04-22T18:34:00+00:00,303,1073
summary,2024-04-23,SPY,,,,,,,0.00,,0,,,,,,,,,,0.7432,2024-04-22T09:25:00+00:00,1080,1477
summary,2024-04-23,QQQ,,,,,,,0.00,,0,,,,,,,,,,0.7511,2024-04-22T09:19:00+00:00,1170,1585
trade,2024-04-23,AAPL,Long,2024-04-23T13:46:00+00:00,2024-04-23T14:23:00+00:00,166.3349,166.0552,1.80,-0.50,-0.001682,2220000,ScoreExit,0.3613,-0.0614,0.5778,0.3548,0.3022,-0.4838,-0.1710,0.2987,,,
summary,2024-04-23,AAPL,,,,,,,-0.50,,1,,,,,,,,,,0.8381,2024-04-22T09:17:00+00:00,779,1330
summary,2024-04-24,SPY,,,,,,,0.00,,0,,,,,,,,,,0.7432,2024-04-22T09:25:00+00:00,1653,2350
trade,2024-04-24,AAPL,Long,2024-04-24T13:38:00+00:00,2024-04-24T14:42:00+00:00,167.1461,167.7747,1.79,1.13,0.003760,3840000,ScoreExit,0.3687,-0.0549,0.4051,0.4117,0.2705,-0.5241,-0.1462,0.2843,,,
summary,2024-04-24,AAPL,,,,,,,1.13,,1,,,,,,,,,,0.8381,2024-04-22T09:17:00+00:00,1339,2125
summary,2024-04-24,MSFT,,,,,,,0.00,,0,,,,,,,,,,0.7602,2024-04-22T09:42:00+00:00,1274,1829
summary,2024-04-25,AAPL,,,,,,,0.00,,0,,,,,,,,,,0.6080,2024-04-22T17:51:00+00:00,1718,2708
summary,2024-04-26,SPY,,,,,,,0.00,,0,,,,,,,,,,0.8562,2024-04-23T14:59:00+00:00,1651,2979
trade,2024-04-26,QQQ,Long,2024-04-26T14:01:00+00:00,2024-04-26T15:56:00+00:00,430.1340,431.1756,0.70,0.73,0.002422,6900000,SessionClose,0.4089,0.0450,0.3556,0.3987,0.4469,-0.3986,-0.0686,0.4201,,,
summary,2024-04-26,QQQ,,,,,,,0.73,,1,,,,,,,,,,0.9304,2024-04-23T14:59:00+00:00,1914,3174
trade,2024-04-26,AAPL,Long,2024-04-26T14:11:00+00:00,2024-04-26T15:11:00+00:00,170.8062,170.7138,1.76,-0.16,-0.000541,3600000,ScoreExit,0.3991,-0.1036,0.5278,0.3678,0.4187,-0.5456,-0.2587,0.3541,,,
summary,2024-04-26,AAPL,,,,,,,-0.16,,1,,,,,,,,,,0.8783,2024-04-23T13:45:00+00:00,2030,2735
summary,2024-04-26,MSFT,,,,,,,0.00,,0,,,,,,,,,,0.8870,2024-04-23T14:26:00+00:00,1520,2748
summary,2024-04-29,QQQ,,,,,,,0.00,,0,,,,,,,,,,0.9552,2024-04-26T15:03:00+00:00,929,1217
summary,2024-04-29,AAPL,,,,,,,0.00,,0,,,,,,,,,,0.8225,2024-04-26T15:01:00+00:00,713,1221
summary,2024-04-29,MSFT,,,,,,,0.00,,0,,,,,,,,,,0.8958,2024-04-26T14:23:00+00:00,153,1042
summary,2024-04-30,SPY,,,,,,,0.00,,0,,,,,,,,,,0.3442,2024-04-29T10:48:00+00:00,503,1347
summary,2024-04-30,QQQ,,,,,,,0.00,,0,,,,,,,,,,0.3828,2024-04-29T17:34:00+00:00,557,1504
trade,2024-04-30,NVDA,Long,2024-04-30T13:31:00+00:00,2024-04-30T14:27:00+00:00,873.0718,879.7450,0.19,1.27,0.007643,3360000,ScoreExit,0.4837,-0.0727,0.3199,0.4875,0.5306,-0.4761,-0.2918,0.5002,,,
summary,2024-04-30,NVDA,,,,,,,1.27,,1,,,,,,,,,,0.6378,2024-04-29T17:25:00+00:00,834,1453
summary,2024-04-30,MSFT,,,,,,,0.00,,0,,,,,,,,,,0.7313,2024-04-29T12:02:00+00:00,172,1067
summary,2024-05-01,QQQ,,,,,,,0.00,,0,,,,,,,,,,0.4958,2024-05-01T18:44:00+00:00,643,2389
summary,2024-05-01,AAPL,,,,,,,0.00,,0,,,,,,,,,,0.7029,2024-04-29T10:42:00+00:00,620,2160
summary,2024-05-01,MSFT,,,,,,,0.00,,0,,,,,,,,,,0.7313,2024-04-29T12:02:00+00:00,379,1756
summary,2024-05-02,SPY,,,,,,,0.00,,0,,,,,,,,,,0.4813,2024-05-01T18:44:00+00:00,826,2795
summary,2024-05-02,QQQ,,,,,,,0.00,,0,,,,,,,,,,0.4959,2024-05-01T18:44:00+00:00,765,2974
summary,2024-05-02,AAPL,,,,,,,0.00,,0,,,,,,,,,,1.0000,2024-04-29T13:35:00+00:00,655,2683
summary,2024-05-02,NVDA,,,,,,,0.00,,0,,,,,,,,,,0.9031,2024-04-29T14:07:00+00:00,1332,2878
summary,2024-05-02,MSFT,,,,,,,0.00,,0,,,,,,,,,,0.5449,2024-05-01T18:44:00+00:00,721,2242
summary,2024-05-03,SPY,,,,,,,0.00,,0,,,,,,,,,,0.5380,2024-05-01T18:44:00+00:00,1239,2883
summary,2024-05-03,QQQ,,,,,,,0.00,,0,,,,,,,,,,0.5746,2024-05-01T18:44:00+00:00,1223,3011
trade,2024-05-03,AAPL,Long,2024-05-03T14:41:00+00:00,2024-05-03T15:25:00+00:00,184.6354,183.9098,1.62,-1.18,-0.003930,2640000,ScoreExit,0.3548,-0.0687,0.5235,0.2522,0.5037,-0.5523,-0.2686,0.4923,,,
summary,2024-05-03,AAPL,,,,,,,-1.18,,1,,,,,,,,,,0.8974,2024-04-30T13:51:00+00:00,1383,2890
summary,2024-05-03,NVDA,,,,,,,0.00,,0,,,,,,,,,,1.0000,2024-04-30T13:40:00+00:00,1384,2851
summary,2024-05-03,MSFT,,,,,,,0.00,,0,,,,,,,,,,0.5974,2024-05-01T18:44:00+00:00,1239,2354
trade,2024-05-06,QQQ,Long,2024-05-06T14:00:00+00:00,2024-05-06T15:01:00+00:00,438.2964,437.6637,0.68,-0.43,-0.001444,3660000,ScoreExit,0.4034,-0.0511,0.5433,0.3604,0.4430,-0.3120,-0.2512,0.4363,,,
summary,2024-05-06,QQQ,,,,,,,-0.43,,1,,,,,,,,,,0.5804,2024-05-03T14:44:00+00:00,974,1170
summary,2024-05-06,AAPL,,,,,,,0.00,,0,,,,,,,,,,0.5559,2024-05-03T17:28:00+00:00,199,1288
summary,2024-05-06,MSFT,,,,,,,0.00,,0,,,,,,,,,,0.9398,2024-05-03T13:44:00+00:00,852,962
trade,2024-05-07,QQQ,Long,2024-05-07T14:56:00+00:00,2024-05-07T15:56:00+00:00,441.4474,441.5924,0.68,0.10,0.000328,3600000,SessionClose,0.4002,0.1534,0.5127,0.3615,0.4403,0.0383,0.0372,0.4242,,,
summary,2024-05-07,QQQ,,,,,,,0.10,,1,,,,,,,,,,0.7133,2024-05-06T09:34:00+00:00,1053,1451
summary,2024-05-07,NVDA,,,,,,,0.00,,0,,,,,,,,,,0.7836,2024-05-06T13:59:00+00:00,1018,1476
trade,2024-05-08,NVDA,Long,2024-05-08T13:47:00+00:00,2024-05-08T14:52:00+00:00,905.0764,907.3806,0.14,0.33,0.002546,3900000,ScoreExit,0.4006,-0.0623,0.5414,0.5543,0.0464,-0.4311,-0.0828,0.1014,,,
summary,2024-05-08,NVDA,,,,,,,0.33,,1,,,,,,,,,,0.7836,2024-05-06T13:59:00+00:00,1111,2231
summary,2024-05-08,MSFT,,,,,,,0.00,,0,,,,,,,,,,0.6735,2024-05-06T10:59:00+00:00,909,1654
trade,2024-05-09,AAPL,Long,2024-05-09T13:43:00+00:00,2024-05-09T14:46:00+00:00,183.4000,183.5160,1.64,0.19,0.000633,3780000,ScoreExit,0.3636,-0.0763,0.5650,0.3680,0.2878,-0.2909,-0.2035,0.2496,,,
summary,2024-05-09,AAPL,,,,,,,0.19,,1,,,,,,,,,,1.0000,2024-05-06T13:32:00+00:00,1312,2607
summary,2024-05-09,MSFT,,,,,,,0.00,,0,,,,,,,,,,0.8748,2024-05-06T15:00:00+00:00,1157,2061
summary,2024-05-10,QQQ,,,,,,,0.00,,0,,,,,,,,,,0.7874,2024-05-07T14:59:00+00:00,1199,2689
summary,2024-05-10,AAPL,,,,,,,0.00,,0,,,,,,,,,,0.7543,2024-05-07T13:47:00+00:00,1085,2494
summary,2024-05-10,MSFT,,,,,,,0.00,,0,,,,,,,,,,0.4072,2024-05-08T14:48:00+00:00,1007,2016
summary,2024-05-13,SPY,,,,,,,0.00,,0,,,,,,,,,,0.4076,2024-05-10T13:41:00+00:00,459,1153
summary,2024-05-13,QQQ,,,,,,,0.00,,0,,,,,,,,,,0.5080,2024-05-10T13:41:00+00:00,534,1128
summary,2024-05-13,NVDA,,,,,,,0.00,,0,,,,,,,,,,0.9429,2024-05-10T13:45:00+00:00,473,1170
summary,2024-05-13,MSFT,,,,,,,0.00,,0,,,,,,,,,,0.8551,2024-05-10T13:37:00+00:00,621,962
summary,2024-05-14,SPY,,,,,,,0.00,,0,,,,,,,,,,0.6152,2024-05-13T09:42:00+00:00,537,1276
summary,2024-05-14,QQQ,,,,,,,0.00,,0,,,,,,,,,,0.7139,2024-05-13T09:39:00+00:00,789,1330
trade,2024-05-14,MSFT,Long,2024-05-14T14:29:00+00:00,2024-05-14T14:51:00+00:00,415.6397,413.8780,0.72,-1.27,-0.004238,1320000,ScoreExit,0.4048,-0.0697,0.5531,0.4220,0.3208,-0.5140,-0.1261,0.1913,,,
summary,2024-05-14,MSFT,,,,,,,-1.27,,1,,,,,,,,,,0.7451,2024-05-13T09:48:00+00:00,585,1071
summary,2024-05-15,SPY,,,,,,,0.00,,0,,,,,,,,,,0.6152,2024-05-13T09:42:00+00:00,1116,2007
summary,2024-05-15,QQQ,,,,,,,0.00,,0,,,,,,,,,,0.7139,2024-05-13T09:39:00+00:00,1411,2120
trade,2024-05-15,AAPL,Long,2024-05-15T13:56:00+00:00,2024-05-15T15:38:00+00:00,188.5265,189.6181,1.59,1.74,0.005790,6120000,ScoreExit,0.4012,-0.0505,0.5479,0.4096,0.3355,-0.5384,-0.1951,0.4013,,,
summary,2024-05-15,AAPL,,,,,,,1.74,,1,,,,,,,,,,0.8112,2024-05-13T09:33:00+00:00,1562,2046
trade,2024-05-15,NVDA,Long,2024-05-15T14:21:00+00:00,2024-05-15T15:56:00+00:00,933.8451,943.9544,0.12,1.19,0.010826,5700000,SessionClose,0.4641,0.1911,0.5624,0.3807,0.5980,0.1282,0.0060,0.5824,,,
summary,2024-05-15,NVDA,,,,,,,1.19,,1,,,,,,,,,,0.8330,2024-05-13T09:22:00+00:00,1572,2070
summary,2024-05-15,MSFT,,,,,,,0.00,,0,,,,,,,,,,0.7451,2024-05-13T09:48:00+00:00,1057,1638
summary,2024-05-16,SPY,,,,,,,0.00,,0,,,,,,,,,,0.3910,2024-05-15T19:53:00+00:00,1565,2594
trade,2024-05-16,NVDA,Long,2024-05-16T13:38:00+00:00,2024-05-16T15:39:00+00:00,950.8902,953.5538,0.20,0.54,0.002801,7260000,MaxHoldTimeout,0.4022,0.1376,0.4567,0.3346,0.5192,-0.2927,0.0372,0.4819,,,
summary,2024-05-16,NVDA,,,,,,,0.54,,1,,,,,,,,,,0.8410,2024-05-13T14:54:00+00:00,2177,2688
summary,2024-05-17,AAPL,,,,,,,0.00,,0,,,,,,,,,,0.4851,2024-05-15T14:00:00+00:00,1480,2350
summary,2024-05-17,NVDA,,,,,,,0.00,,0,,,,,,,,,,0.9918,2024-05-14T13:40:00+00:00,2046,2745
summary,2024-05-17,MSFT,,,,,,,0.00,,0,,,,,,,,,,0.8883,2024-05-14T14:28:00+00:00,1424,2060
summary,2024-05-20,SPY,,,,,,,0.00,,0,,,,,,,,,,0.5539,2024-05-17T14:46:00+00:00,612,1108
trade,2024-05-20,QQQ,Long,2024-05-20T13:51:00+00:00,2024-05-20T15:52:00+00:00,454.0312,454.1187,0.66,0.06,0.000193,7260000,ScoreExit,0.4167,-0.0837,0.5372,0.3975,0.4150,-0.4969,-0.2572,0.4012,,,
summary,2024-05-20,QQQ,,,,,,,0.06,,1,,,,,,,,,,0.6234,2024-05-17T14:49:00+00:00,575,1099
summary,2024-05-20,NVDA,,,,,,,0.00,,0,,,,,,,,,,0.7834,2024-05-17T13:39:00+00:00,572,1192
trade,2024-05-20,MSFT,Long,2024-05-20T13:32:00+00:00,2024-05-20T14:56:00+00:00,421.5114,423.9528,0.71,1.74,0.005792,5040000,ScoreExit,0.4258,-0.0646,0.5533,0.3779,0.4792,-0.5514,-0.2600,0.4885,,,
summary,2024-05-20,MSFT,,,,,,,1.74,,1,,,,,,,,,,0.5366,2024-05-20T13:50:00+00:00,439,913
summary,2024-05-21,SPY,,,,,,,0.00,,0,,,,,,,,,,0.3735,2024-05-20T09:47:00+00:00,544,1262
summary,2024-05-21,QQQ,,,,,,,0.00,,0,,,,,,,,,,0.4923,2024-05-20T09:39:00+00:00,788,1335
trade,2024-05-21,AAPL,Long,2024-05-21T13:41:00+00:00,2024-05-21T15:39:00+00:00,191.8514,192.1473,1.56,0.46,0.001542,7080000,ScoreExit,0.3889,-0.0545,0.5435,0.3532,0.4088,-0.4841,-0.2161,0.4120,,,
summary,2024-05-21,AAPL,,,,,,,0.46,,1,,,,,,,,,,0.6416,2024-05-20T14:00:00+00:00,886,1244
summary,2024-05-22,SPY,,,,,,,0.00,,0,,,,,,,,,,0.3735,2024-05-20T09:47:00+00:00,891,1964
summary,2024-05-22,QQQ,,,,,,,0.00,,0,,,,,,,,,,0.4923,2024-05-20T09:39:00+00:00,1207,2107
summary,2024-05-22,AAPL,,,,,,,0.00,,0,,,,,,,,,,0.6416,2024-05-20T14:00:00+00:00,1083,1886
summary,2024-05-22,NVDA,,,,,,,0.00,,0,,,,,,,,,,0.9041,2024-05-20T09:37:00+00:00,1495,2260
summary,2024-05-23,SPY,,,,,,,0.00,,0,,,,,,,,,,0.7334,2024-05-20T14:49:00+00:00,1195,2564
summary,2024-05-23,QQQ,,,,,,,0.00,,0,,,,,,,,,,0.7972,2024-05-20T14:49:00+00:00,1592,2741
summary,2024-05-23,AAPL,,,,,,,0.00,,0,,,,,,,,,,0.8928,2024-05-20T13:58:00+00:00,1027,2437
summary,2024-05-23,NVDA,,,,,,,0.00,,0,,,,,,,,,,1.0000,2024-05-20T13:35:00+00:00,2157,2954
summary,2024-05-23,MSFT,,,,,,,0.00,,0,,,,,,,,,,0.9965,2024-05-20T13:38:00+00:00,1423,2222
summary,2024-05-24,SPY,,,,,,,0.00,,0,,,,,,,,,,0.7407,2024-05-21T14:42:00+00:00,1294,2617
summary,2024-05-24,QQQ,,,,,,,0.00,,0,,,,,,,,,,0.7716,2024-05-21T15:03:00+00:00,1595,2826
summary,2024-05-24,AAPL,,,,,,,0.00,,0,,,,,,,,,,0.7181,2024-05-21T14:00:00+00:00,709,2496
summary,2024-05-24,MSFT,,,,,,,0.00,,0,,,,,,,,,,0.9148,2024-05-21T14:41:00+00:00,1142,2184
summary,2024-05-27,QQQ,,,,,,,0.00,,0,,,,,,,,,,0.9389,2024-05-24T15:04:00+00:00,363,494
summary,2024-05-27,AAPL,,,,,,,0.00,,0,,,,,,,,,,0.9559,2024-05-24T15:04:00+00:00,421,498
summary,2024-05-27,MSFT,,,,,,,0.00,,0,,,,,,,,,,0.9565,2024-05-24T15:04:00+00:00,417,450
summary,2024-05-28,MSFT,,,,,,,0.00,,0,,,,,,,,,,0.3868,2024-05-28T19:59:00+00:00,267,526
summary,2024-05-29,SPY,,,,,,,0.00,,0,,,,,,,,,,0.4160,2024-05-28T09:53:00+00:00,431,1374
trade,2024-05-29,AAPL,Long,2024-05-29T13:36:00+00:00,2024-05-29T15:06:00+00:00,190.7122,191.8305,1.57,1.76,0.005864,5400000,ScoreExit,0.3830,-0.0697,0.5410,0.4082,0.2800,-0.5382,-0.2352,0.4175,,,
summary,2024-05-29,AAPL,,,,,,,1.76,,1,,,,,,,,,,0.9559,2024-05-28T09:34:00+00:00,448,1411
trade,2024-05-29,NVDA,Long,2024-05-29T14:16:00+00:00,2024-05-29T15:31:00+00:00,1132.8998,1134.2546,0.06,0.08,0.001196,4500000,ScoreExit,0.4397,-0.0653,0.5721,0.3349,0.6054,-0.4666,-0.2798,0.4973,,,
summary,2024-05-29,NVDA,,,,,,,0.08,,1,,,,,,,,,,0.7325,2024-05-28T13:39:00+00:00,1298,1622
summary,2024-05-29,MSFT,,,,,,,0.00,,0,,,,,,,,,,0.3979,2024-05-29T14:14:00+00:00,582,1059
summary,2024-05-30,SPY,,,,,,,0.00,,0,,,,,,,,,,0.4160,2024-05-28T09:53:00+00:00,465,2199
summary,2024-05-30,QQQ,,,,,,,0.00,,0,,,,,,,,,,0.5260,2024-05-28T09:24:00+00:00,627,2321
trade,2024-05-30,AAPL,Long,2024-05-30T13:40:00+00:00,2024-05-30T13:51:00+00:00,191.7442,191.3376,1.57,-0.64,-0.002121,660000,ScoreExit,0.3549,-0.0696,0.5743,0.4154,0.1606,-0.3848,-0.1086,0.1135,,,
summary,2024-05-30,AAPL,,,,,,,-0.64,,1,,,,,,,,,,0.9559,2024-05-28T09:34:00+00:00,687,2122
summary,2024-05-30,NVDA,,,,,,,0.00,,0,,,,,,,,,,0.7325,2024-05-28T13:39:00+00:00,1749,2477
summary,2024-05-30,MSFT,,,,,,,0.00,,0,,,,,,,,,,0.3979,2024-05-29T14:14:00+00:00,582,1710
summary,2024-05-31,SPY,,,,,,,0.00,,0,,,,,,,,,,0.4590,2024-05-31T19:59:00+00:00,467,2800
summary,2024-05-31,QQQ,,,,,,,0.00,,0,,,,,,,,,,0.7130,2024-05-28T14:58:00+00:00,638,2918
summary,2024-05-31,AAPL,,,,,,,0.00,,0,,,,,,,,,,0.9929,2024-05-28T13:38:00+00:00,957,2556
summary,2024-05-31,MSFT,,,,,,,0.00,,0,,,,,,,,,,0.8201,2024-05-28T13:40:00+00:00,579,2242
summary,2024-06-03,SPY,,,,,,,0.00,,0,,,,,,,,,,0.6555,2024-05-31T20:00:00+00:00,779,1230
summary,2024-06-03,QQQ,,,,,,,0.00,,0,,,,,,,,,,0.6613,2024-05-31T19:59:00+00:00,742,1219
summary,2024-06-03,AAPL,,,,,,,0.00,,0,,,,,,,,,,0.6510,2024-05-31T13:41:00+00:00,684,1133
trade,2024-06-03,NVDA,Long,2024-06-03T13:47:00+00:00,2024-06-03T14:49:00+00:00,1139.5468,1132.0113,0.09,-0.71,-0.006613,3720000,ScoreExit,0.4189,-0.0516,0.1557,0.2786,0.7873,-0.5636,-0.3372,0.6901,,,
summary,2024-06-03,NVDA,,,,,,,-0.71,,1,,,,,,,,,,1.0000,2024-05-31T13:40:00+00:00,851,1282
summary,2024-06-04,SPY,,,,,,,0.00,,0,,,,,,,,,,0.4074,2024-06-04T18:22:00+00:00,709,1441
summary,2024-06-04,AAPL,,,,,,,0.00,,0,,,,,,,,,,0.6238,2024-06-03T13:47:00+00:00,715,1302
summary,2024-06-04,NVDA,,,,,,,0.00,,0,,,,,,,,,,0.8781,2024-06-03T09:12:00+00:00,1233,1591
summary,2024-06-04,MSFT,,,,,,,0.00,,0,,,,,,,,,,0.4465,2024-06-04T19:56:00+00:00,547,1110
summary,2024-06-05,SPY,,,,,,,0.00,,0,,,,,,,,,,0.4074,2024-06-04T18:22:00+00:00,1357,2215
summary,2024-06-05,AAPL,,,,,,,0.00,,0,,,,,,,,,,0.6238,2024-06-03T13:47:00+00:00,1284,2003
summary,2024-06-05,NVDA,,,,,,,0.00,,0,,,,,,,,,,0.8781,2024-06-03T09:12:00+00:00,2088,2486
summary,2024-06-05,MSFT,,,,,,,0.00,,0,,,,,,,,,,0.4465,2024-06-04T19:56:00+00:00,1059,1692
summary,2024-06-06,QQQ,,,,,,,0.00,,0,,,,,,,,,,0.4874,2024-06-03T20:19:00+00:00,1941,2882
trade,2024-06-06,AAPL,Long,2024-06-06T13:58:00+00:00,2024-06-06T14:31:00+00:00,195.9638,195.8462,1.53,-0.18,-0.000600,1980000,ScoreExit,0.3529,-0.0994,0.5390,0.3320,0.3327,-0.4701,-0.2296,0.2844,,,
summary,2024-06-06,AAPL,,,,,,,-0.18,,1,,,,,,,,,,0.8912,2024-06-03T14:18:00+00:00,1645,2536
summary,2024-06-06,MSFT,,,,,,,0.00,,0,,,,,,,,,,0.5429,2024-06-03T23:11:00+00:00,1367,2120
summary,2024-06-07,SPY,,,,,,,0.00,,0,,,,,,,,,,0.5664,2024-06-04T18:24:00+00:00,1926,2635
summary,2024-06-07,MSFT,,,,,,,0.00,,0,,,,,,,,,,0.9050,2024-06-04T14:40:00+00:00,1671,2087
summary,2024-06-10,SPY,,,,,,,0.00,,0,,,,,,,,,,0.8899,2024-06-07T14:48:00+00:00,474,1129
trade,2024-06-10,NVDA,Long,2024-06-10T14:21:00+00:00,2024-06-10T15:56:00+00:00,119.7359,122.4333,2.50,6.76,0.022527,5700000,SessionClose,0.4896,0.1182,0.5710,0.5542,0.3333,0.3768,-0.0324,0.3333,,,
summary,2024-06-10,NVDA,,,,,,,6.76,,1,,,,,,,,,,1.0000,2024-06-07T13:36:00+00:00,901,1323
summary,2024-06-11,QQQ,,,,,,,0.00,,0,,,,,,,,,,0.4827,2024-06-10T15:54:00+00:00,900,1394
summary,2024-06-11,AAPL,,,,,,,0.00,,0,,,,,,,,,,0.7815,2024-06-11T13:59:00+00:00,587,1509
summary,2024-06-11,NVDA,,,,,,,0.00,,0,,,,,,,,,,0.8560,2024-06-10T08:30:00+00:00,1204,1677
summary,2024-06-11,MSFT,,,,,,,0.00,,0,,,,,,,,,,0.6689,2024-06-10T13:49:00+00:00,668,992
summary,2024-06-12,SPY,,,,,,,0.00,,0,,,,,,,,,,0.4320,2024-06-12T12:33:00+00:00,1390,2030
summary,2024-06-12,QQQ,,,,,,,0.00,,0,,,,,,,,,,0.4827,2024-06-10T15:54:00+00:00,1557,2183
trade,2024-06-12,AAPL,Long,2024-06-12T14:35:00+00:00,2024-06-12T15:56:00+00:00,215.1495,216.3501,1.40,1.68,0.005580,4860000,SessionClose,0.3805,0.0651,0.0510,0.2974,0.6565,-0.2535,-0.1579,0.6174,,,
summary,2024-06-12,AAPL,,,,,,,1.68,,1,,,,,,,,,,0.7815,2024-06-11T13:59:00+00:00,1322,2418
trade,2024-06-12,MSFT,Long,2024-06-12T13:51:00+00:00,2024-06-12T15:07:00+00:00,438.4365,437.8836,0.68,-0.38,-0.001261,4560000,MaxHoldTimeout,0.4395,0.3311,0.5887,0.3858,0.4970,0.0964,0.2796,0.5124,,,
summary,2024-06-12,MSFT,,,,,,,-0.38,,1,,,,,,,,,,0.6689,2024-06-10T13:49:00+00:00,1255,1646
summary,2024-06-13,SPY,,,,,,,0.00,,0,,,,,,,,,,0.6889,2024-06-10T14:52:00+00:00,1829,2638
summary,2024-06-13,QQQ,,,,,,,0.00,,0,,,,,,,,,,0.8337,2024-06-10T15:00:00+00:00,2151,2796
summary,2024-06-13,AAPL,,,,,,,0.00,,0,,,,,,,,,,0.8003,2024-06-11T14:00:00+00:00,1907,3077
summary,2024-06-13,NVDA,,,,,,,0.00,,0,,,,,,,,,,1.0000,2024-06-10T13:32:00+00:00,2687,3246
trade,2024-06-13,MSFT,Long,2024-06-13T13:46:00+00:00,2024-06-13T15:04:00+00:00,442.1276,441.9924,0.68,-0.09,-0.000306,4680000,MaxHoldTimeout,0.4265,0.1016,0.5594,0.4318,0.3715,-0.3900,0.0479,0.3729,,,
summary,2024-06-13,MSFT,,,,,,,-0.09,,1,,,,,,,,,,0.8954,2024-06-10T13:50:00+00:00,1707,2250
summary,2024-06-14,SPY,,,,,,,0.00,,0,,,,,,,,,,0.8104,2024-06-11T14:59:00+00:00,1917,2689
trade,2024-06-14,AAPL,Long,2024-06-14T13:31:00+00:00,2024-06-14T13:51:00+00:00,214.1642,213.9508,1.41,-0.30,-0.000997,1200000,ScoreExit,0.3648,-0.1440,0.5580,0.4049,0.2201,-0.4611,-0.2732,0.2201,,,
summary,2024-06-14,AAPL,,,,,,,-0.30,,1,,,,,,,,,,1.0000,2024-06-11T13:33:00+00:00,2409,3056
trade,2024-06-14,NVDA,Long,2024-06-14T13:51:00+00:00,2024-06-14T15:16:00+00:00,129.9941,131.2184,2.31,2.83,0.009418,5100000,ScoreExit,0.4743,-0.1596,0.5716,0.4353,0.5199,-0.5561,-0.3884,0.4302,,,
summary,2024-06-14,NVDA,,,,,,,2.83,,1,,,,,,,,,,1.0000,2024-06-11T13:36:00+00:00,2515,3250
summary,2024-06-14,MSFT,,,,,,,0.00,,0,,,,,,,,,,0.8701,2024-06-11T14:53:00+00:00,1873,2348
trade,2024-06-17,AAPL,Long,2024-06-17T14:01:00+00:00,2024-06-17T15:56:00+00:00,214.0192,216.1501,1.40,2.99,0.009957,6900000,SessionClose,0.4717,0.0239,0.3235,0.4023,0.6598,-0.5475,-0.1755,0.6132,,,
summary,2024-06-17,AAPL,,,,,,,2.99,,1,,,,,,,,,,0.6677,2024-06-14T13:33:00+00:00,608,1234
summary,2024-06-17,MSFT,,,,,,,0.00,,0,,,,,,,,,,0.9560,2024-06-14T14:59:00+00:00,779,942
summary,2024-06-18,SPY,,,,,,,0.00,,0,,,,,,,,,,0.5543,2024-06-17T18:07:00+00:00,892,1300
summary,2024-06-18,QQQ,,,,,,,0.00,,0,,,,,,,,,,0.5894,2024-06-17T16:46:00+00:00,955,1468
summary,2024-06-18,AAPL,,,,,,,0.00,,0,,,,,,,,,,0.7585,2024-06-17T08:18:00+00:00,783,1471
trade,2024-06-18,NVDA,Long,2024-06-18T13:35:00+00:00,2024-06-18T15:36:00+00:00,131.8345,133.5113,2.28,3.82,0.012719,7260000,MaxHoldTimeout,0.4171,0.5573,0.5742,0.3462,0.5066,0.5237,0.4238,0.8355,,,
summary,2024-06-18,NVDA,,,,,,,3.82,,1,,,,,,,,,,0.6401,2024-06-17T16:44:00+00:00,948,1679
summary,2024-06-19,QQQ,,,,,,,0.00,,0,,,,,,,,,,0.5894,2024-06-17T16:46:00+00:00,1069,1612
summary,2024-06-19,AAPL,,,,,,,0.00,,0,,,,,,,,,,0.7585,2024-06-17T08:18:00+00:00,783,1666
summary,2024-06-19,NVDA,,,,,,,0.00,,0,,,,,,,,,,0.6401,2024-06-17T16:44:00+00:00,1155,1918
summary,2024-06-20,QQQ,,,,,,,0.00,,0,,,,,,,,,,0.7433,2024-06-17T15:04:00+00:00,1288,2010
summary,2024-06-20,NVDA,,,,,,,0.00,,0,,,,,,,,,,0.7992,2024-06-17T13:38:00+00:00,1412,2309
summary,2024-06-20,MSFT,,,,,,,0.00,,0,,,,,,,,,,0.6800,2024-06-17T13:31:00+00:00,763,1598
summary,2024-06-21,AAPL,,,,,,,0.00,,0,,,,,,,,,,0.6163,2024-06-18T13:34:00+00:00,121,1993
trade,2024-06-21,MSFT,Long,2024-06-21T13:33:00+00:00,2024-06-21T13:48:00+00:00,449.4398,447.0908,0.67,-1.57,-0.005226,900000,ScoreExit,0.4161,-0.0546,0.5890,0.4641,0.2626,-0.5354,-0.0991,0.1945,,,
summary,2024-06-21,MSFT,,,,,,,-1.57,,1,,,,,,,,,,0.4161,2024-06-21T13:32:00+00:00,726,1608
summary,2024-06-24,QQQ,,,,,,,0.00,,0,,,,,,,,,,0.6120,2024-06-21T15:54:00+00:00,276,1198
trade,2024-06-24,AAPL,Long,2024-06-24T14:00:00+00:00,2024-06-24T15:56:00+00:00,208.7676,211.9764,1.44,4.61,0.015370,6960000,SessionClose,0.3567,0.1508,0.5439,0.4035,0.2007,0.0948,-0.0807,0.6326,,,
summary,2024-06-24,AAPL,,,,,,,4.61,,1,,,,,,,,,,1.0000,2024-06-21T13:32:00+00:00,330,1261
summary,2024-06-24,NVDA,,,,,,,0.00,,0,,,,,,,,,,1.0000,2024-06-21T13:31:00+00:00,256,1351
trade,2024-06-24,MSFT,Long,2024-06-24T14:02:00+00:00,2024-06-24T14:41:00+00:00,451.2303,449.1302,0.66,-1.40,-0.004654,2340000,ScoreExit,0.4199,-0.1543,0.5690,0.4206,0.3690,-0.5567,-0.2032,0.0778,,,
summary,2024-06-24,MSFT,,,,,,,-1.40,,1,,,,,,,,,,1.0000,2024-06-21T13:34:00+00:00,593,987
summary,2024-06-25,SPY,,,,,,,0.00,,0,,,,,,,,,,0.5101,2024-06-24T14:09:00+00:00,564,1363
trade,2024-06-25,AAPL,Long,2024-06-25T13:31:00+00:00,2024-06-25T14:16:00+00:00,210.1034,209.5021,1.43,-0.86,-0.002862,2700000,ScoreExit,0.3593,-0.0934,0.5437,0.3152,0.3861,-0.5720,-0.1585,0.1964,,,
summary,2024-06-25,AAPL,,,,,,,-0.86,,1,,,,,,,,,,0.6730,2024-06-24T15:03:00+00:00,749,1442
trade,2024-06-25,NVDA,Long,2024-06-25T13:46:00+00:00,2024-06-25T15:47:00+00:00,121.2864,124.0078,2.48,6.74,0.022438,7260000,MaxHoldTimeout,0.4363,0.3999,0.3841,0.3063,0.7138,-0.4955,0.2976,0.9029,,,
summary,2024-06-25,NVDA,,,,,,,6.74,,1,,,,,,,,,,0.8147,2024-06-25T09:07:00+00:00,867,1681
summary,2024-06-25,MSFT,,,,,,,0.00,,0,,,,,,,,,,0.7624,2024-06-24T10:20:00+00:00,470,1084
summary,2024-06-26,SPY,,,,,,,0.00,,0,,,,,,,,,,0.5101,2024-06-24T14:09:00+00:00,861,2127
trade,2024-06-26,MSFT,Long,2024-06-26T14:46:00+00:00,2024-06-26T15:11:00+00:00,452.9708,452.2193,0.66,-0.50,-0.001659,1500000,ScoreExit,0.4027,-0.0757,0.5603,0.4290,0.2975,-0.4966,-0.1923,0.2976,,,
summary,2024-06-26,MSFT,,,,,,,-0.50,,1,,,,,,,,,,0.7624,2024-06-24T10:20:00+00:00,844,1635
summary,2024-06-27,NVDA,,,,,,,0.00,,0,,,,,,,,,,1.0000,2024-06-24T13:31:00+00:00,1992,3271
summary,2024-06-27,MSFT,,,,,,,0.00,,0,,,,,,,,,,0.8948,2024-06-24T14:03:00+00:00,1109,2031
trade,2024-06-28,NVDA,Long,2024-06-28T13:46:00+00:00,2024-06-28T14:54:00+00:00,125.2155,125.7972,2.40,1.40,0.004646,4080000,ScoreExit,0.4652,-0.0711,0.6107,0.4660,0.4151,-0.3798,-0.2462,0.3819,,,
summary,2024-06-28,NVDA,,,,,,,1.40,,1,,,,,,,,,,0.9586,2024-06-25T15:02:00+00:00,2052,3257
summary,2024-06-28,MSFT,,,,,,,0.00,,0,,,,,,,,,,0.8814,2024-06-25T14:41:00+00:00,1221,2002
summary,2024-07-01,SPY,,,,,,,0.00,,0,,,,,,,,,,0.6462,2024-06-28T14:12:00+00:00,247,1159
summary,2024-07-01,QQQ,,,,,,,0.00,,0,,,,,,,,,,0.8989,2024-06-28T14:05:00+00:00,239,1166
summary,2024-07-01,NVDA,,,,,,,0.00,,0,,,,,,,,,,0.9474,2024-06-28T13:45:00+00:00,410,1348
trade,2024-07-01,MSFT,Long,2024-07-01T14:21:00+00:00,2024-07-01T15:56:00+00:00,450.2600,452.3493,0.67,1.39,0.004640,5700000,SessionClose,0.4209,0.4262,0.5154,0.4893,0.2526,0.2846,0.3791,0.5676,,,
summary,2024-07-01,MSFT,,,,,,,1.39,,1,,,,,,,,,,0.8552,2024-06-28T14:08:00+00:00,487,999
trade,2024-07-02,QQQ,Long,2024-07-02T13:32:00+00:00,2024-07-02T15:33:00+00:00,481.1793,483.9898,0.62,1.75,0.005841,7260000,MaxHoldTimeout,0.4061,0.2471,0.5281,0.4278,0.3220,0.5208,0.1011,0.4478,,,
summary,2024-07-02,QQQ,,,,,,,1.75,,1,,,,,,,,,,0.6090,2024-07-01T16:14:00+00:00,1018,1441
summary,2024-07-02,NVDA,,,,,,,0.00,,0,,,,,,,,,,0.7313,2024-07-01T15:28:00+00:00,1134,1677
summary,2024-07-03,SPY,,,,,,,0.00,,0,,,,,,,,,,0.4117,2024-07-02T19:59:00+00:00,1284,2076
summary,2024-07-03,QQQ,,,,,,,0.00,,0,,,,,,,,,,0.6090,2024-07-01T16:14:00+00:00,1571,2195
summary,2024-07-03,AAPL,,,,,,,0.00,,0,,,,,,,,,,0.6367,2024-07-01T16:44:00+00:00,1589,2064
trade,2024-07-03,NVDA,Long,2024-07-03T14:41:00+00:00,2024-07-03T15:56:00+00:00,122.4967,127.4368,2.45,12.10,0.040328,4500000,SessionClose,0.4588,0.4638,0.5324,0.4334,0.4849,0.5970,0.3206,0.7059,,,
summary,2024-07-03,NVDA,,,,,,,12.10,,1,,,,,,,,,,0.7313,2024-07-01T15:28:00+00:00,1490,2634
summary,2024-07-04,SPY,,,,,,,0.00,,0,,,,,,,,,,0.4480,2024-07-01T16:14:00+00:00,1144,1865
summary,2024-07-04,QQQ,,,,,,,0.00,,0,,,,,,,,,,0.6922,2024-07-01T16:14:00+00:00,1520,1966
summary,2024-07-04,NVDA,,,,,,,0.00,,0,,,,,,,,,,0.9123,2024-07-01T14:22:00+00:00,1509,2365
summary,2024-07-04,MSFT,,,,,,,0.00,,0,,,,,,,,,,0.8988,2024-07-01T14:22:00+00:00,1176,1380
trade,2024-07-05,QQQ,Long,2024-07-05T13:37:00+00:00,2024-07-05T15:38:00+00:00,492.7228,494.8965,0.61,1.32,0.004412,7260000,MaxHoldTimeout,0.4008,0.3562,0.4563,0.3970,0.3900,0.5081,0.2956,0.4268,,,
summary,2024-07-05,QQQ,,,,,,,1.32,,1,,,,,,,,,,0.8296,2024-07-02T15:02:00+00:00,1544,1818
trade,2024-07-05,MSFT,Long,2024-07-05T13:34:00+00:00,2024-07-05T14:56:00+00:00,461.4834,464.9354,0.65,2.24,0.007480,4920000,ScoreExit,0.4121,-0.0513,0.5610,0.3221,0.5424,-0.5197,-0.2431,0.4885,,,
summary,2024-07-05,MSFT,,,,,,,2.24,,1,,,,,,,,,,0.9363,2024-07-02T13:46:00+00:00,1029,1272
summary,2024-07-08,SPY,,,,,,,0.00,,0,,,,,,,,,,0.5579,2024-07-05T14:44:00+00:00,786,1094
summary,2024-07-10,SPY,,,,,,,0.00,,0,,,,,,,,,,0.4813,2024-07-08T09:54:00+00:00,1211,2008
trade,2024-07-10,AAPL,Long,2024-07-10T13:31:00+00:00,2024-07-10T14:34:00+00:00,229.4558,230.4258,1.31,1.27,0.004228,3780000,ScoreExit,0.3909,-0.0512,0.4223,0.3901,0.3820,-0.5337,-0.1490,0.3054,,,
summary,2024-07-10,AAPL,,,,,,,1.27,,1,,,,,,,,,,0.6352,2024-07-08T15:24:00+00:00,1679,2109
summary,2024-07-10,MSFT,,,,,,,0.00,,0,,,,,,,,,,0.4553,2024-07-10T17:04:00+00:00,403,1586
summary,2024-07-11,QQQ,,,,,,,0.00,,0,,,,,,,,,,0.5543,2024-07-08T23:59:00+00:00,1687,2728
summary,2024-07-11,MSFT,,,,,,,0.00,,0,,,,,,,,,,0.5786,2024-07-08T13:51:00+00:00,509,2070
trade,2024-07-12,SPY,Long,2024-07-12T14:41:00+00:00,2024-07-12T15:56:00+00:00,560.9332,561.4165,0.53,0.26,0.000862,4500000,ScoreExit,0.4017,-0.1302,0.5582,0.4517,0.2496,-0.2080,-0.2969,0.2290,,,
summary,2024-07-12,SPY,,,,,,,0.26,,1,,,,,,,,,,0.4278,2024-07-11T12:32:00+00:00,1242,2599
trade,2024-07-12,QQQ,Long,2024-07-12T14:41:00+00:00,2024-07-12T15:21:00+00:00,497.0841,496.8759,0.60,-0.13,-0.000419,2400000,ScoreExit,0.4067,-0.0751,0.5783,0.4917,0.1796,-0.5502,-0.0956,0.1244,,,
summary,2024-07-12,QQQ,,,,,,,-0.13,,1,,,,,,,,,,0.4455,2024-07-10T16:43:00+00:00,1155,2841
trade,2024-07-12,AAPL,Long,2024-07-12T13:31:00+00:00,2024-07-12T15:32:00+00:00,229.2438,231.6655,1.31,3.17,0.010564,7260000,MaxHoldTimeout,0.4034,-0.0044,0.4869,0.4981,0.1860,-0.2670,-0.1245,0.3233,,,
summary,2024-07-12,AAPL,,,,,,,3.17,,1,,,,,,,,,,0.8901,2024-07-09T14:18:00+00:00,1443,2698
trade,2024-07-12,NVDA,Long,2024-07-12T13:56:00+00:00,2024-07-12T15:56:00+00:00,129.2638,130.3232,2.32,2.46,0.008196,7200000,SessionClose,0.4027,0.0000,0.1786,0.6396,0.0035,0.0661,-0.3504,-0.0168,,,
summary,2024-07-12,NVDA,,,,,,,2.46,,1,,,,,,,,,,0.9426,2024-07-09T13:45:00+00:00,1644,3267
summary,2024-07-12,MSFT,,,,,,,0.00,,0,,,,,,,,,,0.5259,2024-07-10T17:00:00+00:00,565,2154
summary,2024-07-15,SPY,,,,,,,0.00,,0,,,,,,,,,,0.8986,2024-07-12T14:49:00+00:00,704,1146
trade,2024-07-15,AAPL,Long,2024-07-15T14:56:00+00:00,2024-07-15T15:53:00+00:00,235.1755,234.7246,1.28,-0.58,-0.001918,3420000,ScoreExit,0.4109,-0.0607,0.5516,0.3020,0.5818,-0.5428,-0.2901,0.5589,,,
summary,2024-07-15,AAPL,,,,,,,-0.58,,1,,,,,,,,,,0.9566,2024-07-12T14:55:00+00:00,839,1214
summary,2024-07-15,NVDA,,,,,,,0.00,,0,,,,,,,,,,0.9614,2024-07-12T14:41:00+00:00,678,1345
trade,2024-07-15,MSFT,Long,2024-07-15T13:34:00+00:00,2024-07-15T14:17:00+00:00,455.0254,454.0605,0.66,-0.64,-0.002120,2580000,ScoreExit,0.4076,-0.0535,0.5770,0.4217,0.3230,-0.4621,-0.1401,0.2560,,,
trade,2024-07-15,MSFT,Long,2024-07-15T14:46:00+00:00,2024-07-15T15:31:00+00:00,455.5966,455.3184,0.66,-0.18,-0.000611,2700000,ScoreExit,0.4177,-0.0609,0.5524,0.3896,0.4291,-0.5278,-0.2187,0.4105,,,
summary,2024-07-15,MSFT,,,,,,,-0.82,,2,,,,,,,,,,0.8997,2024-07-12T14:44:00+00:00,595,982
summary,2024-07-16,SPY,,,,,,,0.00,,0,,,,,,,,,,0.7021,2024-07-15T09:25:00+00:00,746,1344
summary,2024-07-16,QQQ,,,,,,,0.00,,0,,,,,,,,,,0.6236,2024-07-15T15:14:00+00:00,619,1440
trade,2024-07-16,AAPL,Long,2024-07-16T13:31:00+00:00,2024-07-16T13:46:00+00:00,235.3756,235.1045,1.28,-0.35,-0.001152,900000,ScoreExit,0.3596,-0.1612,0.4960,0.4194,0.1946,-0.5070,-0.2710,0.1738,,,
summary,2024-07-16,AAPL,,,,,,,-0.35,,1,,,,,,,,,,0.9587,2024-07-15T09:17:00+00:00,845,1458
summary,2024-07-16,NVDA,,,,,,,0.00,,0,,,,,,,,,,0.6641,2024-07-15T08:07:00+00:00,422,1671
summary,2024-07-17,QQQ,,,,,,,0.00,,0,,,,,,,,,,0.6236,2024-07-15T15:14:00+00:00,682,2291
summary,2024-07-17,MSFT,,,,,,,0.00,,0,,,,,,,,,,0.7292,2024-07-15T12:04:00+00:00,232,1670
summary,2024-07-18,SPY,,,,,,,0.00,,0,,,,,,,,,,0.8198,2024-07-15T15:04:00+00:00,694,2757
summary,2024-07-18,AAPL,,,,,,,0.00,,0,,,,,,,,,,0.6800,2024-07-15T15:04:00+00:00,551,2747
summary,2024-07-18,NVDA,,,,,,,0.00,,0,,,,,,,,,,0.6868,2024-07-15T15:01:00+00:00,752,3267
summary,2024-07-19,SPY,,,,,,,0.00,,0,,,,,,,,,,0.5894,2024-07-16T15:04:00+00:00,345,2824
summary,2024-07-19,QQQ,,,,,,,0.00,,0,,,,,,,,,,0.4594,2024-07-16T13:39:00+00:00,201,3061
summary,2024-07-19,NVDA,,,,,,,0.00,,0,,,,,,,,,,1.0000,2024-07-16T13:38:00+00:00,1014,3271
trade,2024-07-19,MSFT,Long,2024-07-19T13:36:00+00:00,2024-07-19T14:31:00+00:00,438.0364,438.7833,0.61,0.45,0.001705,3300000,ScoreExit,0.4461,-0.0924,0.7114,0.6001,0.0496,-0.2479,-0.1606,0.0958,,,
summary,2024-07-19,MSFT,,,,,,,0.45,,1,,,,,,,,,,0.4496,2024-07-19T14:09:00+00:00,324,2430
summary,2024-07-22,NVDA,,,,,,,0.00,,0,,,,,,,,,,1.0000,2024-07-19T13:41:00+00:00,705,1350
summary,2024-07-22,MSFT,,,,,,,0.00,,0,,,,,,,,,,1.0000,2024-07-19T13:33:00+00:00,675,1006
trade,2024-07-23,QQQ,Long,2024-07-23T13:41:00+00:00,2024-07-23T14:03:00+00:00,482.7823,481.6105,0.62,-0.73,-0.002427,1320000,ScoreExit,0.4025,-0.0665,0.5018,0.4202,0.3342,-0.5843,-0.1218,0.2167,,,
summary,2024-07-23,QQQ,,,,,,,-0.73,,1,,,,,,,,,,0.5851,2024-07-22T13:47:00+00:00,955,1546
summary,2024-07-23,AAPL,,,,,,,0.00,,0,,,,,,,,,,0.6203,2024-07-22T10:32:00+00:00,484,1260
summary,2024-07-24,SPY,,,,,,,0.00,,0,,,,,,,,,,0.5445,2024-07-22T09:37:00+00:00,886,2278
summary,2024-07-24,QQQ,,,,,,,0.00,,0,,,,,,,,,,0.5851,2024-07-22T13:47:00+00:00,997,2455
summary,2024-07-24,AAPL,,,,,,,0.00,,0,,,,,,,,,,0.6203,2024-07-22T10:32:00+00:00,573,2043
summary,2024-07-24,NVDA,,,,,,,0.00,,0,,,,,,,,,,0.7782,2024-07-22T13:45:00+00:00,1367,2630
summary,2024-07-25,SPY,,,,,,,0.00,,0,,,,,,,,,,0.7905,2024-07-22T14:44:00+00:00,975,2920
trade,2024-07-25,QQQ,Long,2024-07-25T14:57:00+00:00,2024-07-25T15:42:00+00:00,463.4640,462.4962,0.65,-0.63,-0.002088,2700000,ScoreExit,0.4146,-0.0887,0.4251,0.5883,0.0637,-0.5547,-0.0953,0.0797,,,
summary,2024-07-25,QQQ,,,,,,,-0.63,,1,,,,,,,,,,0.7878,2024-07-22T14:40:00+00:00,933,3101
trade,2024-07-25,AAPL,Long,2024-07-25T14:52:00+00:00,2024-07-25T15:56:00+00:00,218.0054,218.7693,1.37,1.05,0.003504,3840000,SessionClose,0.3514,0.2146,0.5699,0.4672,0.0472,0.0792,0.2910,0.1069,,,
summary,2024-07-25,AAPL,,,,,,,1.05,,1,,,,,,,,,,0.7292,2024-07-22T14:15:00+00:00,594,2708
trade,2024-07-25,NVDA,Long,2024-07-25T14:41:00+00:00,2024-07-25T15:41:00+00:00,112.4737,114.2707,2.67,4.80,0.015977,3600000,ScoreExit,0.5024,-0.1144,0.5944,0.6561,0.1644,-0.2314,-0.2098,0.1153,,,
summary,2024-07-25,NVDA,,,,,,,4.80,,1,,,,,,,,,,1.0000,2024-07-22T13:35:00+00:00,1303,3261
summary,2024-07-25,MSFT,,,,,,,0.00,,0,,,,,,,,,,0.9180,2024-07-22T14:40:00+00:00,673,2290
summary,2024-07-26,SPY,,,,,,,0.00,,0,,,,,,,,,,0.4192,2024-07-25T16:22:00+00:00,501,2982
summary,2024-07-26,AAPL,,,,,,,0.00,,0,,,,,,,,,,0.8431,2024-07-23T14:22:00+00:00,539,2752
summary,2024-07-29,SPY,,,,,,,0.00,,0,,,,,,,,,,0.7146,2024-07-26T16:09:00+00:00,695,1135
trade,2024-07-29,AAPL,Long,2024-07-29T13:39:00+00:00,2024-07-29T14:13:00+00:00,218.1408,217.6647,1.37,-0.65,-0.002183,2040000,ScoreExit,0.3738,-0.0670,0.5839,0.3984,0.2545,-0.5915,-0.0437,0.0611,,,
summary,2024-07-29,AAPL,,,,,,,-0.65,,1,,,,,,,,,,0.7782,2024-07-26T15:04:00+00:00,607,1100
trade,2024-07-29,NVDA,Long,2024-07-29T13:33:00+00:00,2024-07-29T14:46:00+00:00,113.9992,114.4307,2.62,1.13,0.003785,4380000,ScoreExit,0.5322,-0.1268,0.4730,0.4349,0.7464,-0.4433,-0.4019,0.5288,,,
summary,2024-07-29,NVDA,,,,,,,1.13,,1,,,,,,,,,,0.7012,2024-07-29T13:44:00+00:00,447,1348
summary,2024-07-30,QQQ,,,,,,,0.00,,0,,,,,,,,,,0.5799,2024-07-29T16:19:00+00:00,506,1482
trade,2024-07-31,SPY,Long,2024-07-31T14:31:00+00:00,2024-07-31T14:51:00+00:00,550.7802,550.2499,0.54,-0.29,-0.000963,1200000,ScoreExit,0.4191,-0.0535,0.5225,0.4506,0.3216,-0.4207,-0.1798,0.3216,,,
summary,2024-07-31,SPY,,,,,,,-0.29,,1,,,,,,,,,,0.7463,2024-07-29T10:07:00+00:00,1052,2229
summary,2024-08-01,SPY,,,,,,,0.00,,0,,,,,,,,,,0.5547,2024-07-31T08:01:00+00:00,1300,2866
summary,2024-08-01,QQQ,,,,,,,0.00,,0,,,,,,,,,,0.7417,2024-07-29T13:45:00+00:00,1344,3040
summary,2024-08-01,AAPL,,,,,,,0.00,,0,,,,,,,,,,1.0000,2024-07-29T13:38:00+00:00,1565,2710
trade,2024-08-01,NVDA,Long,2024-08-01T13:41:00+00:00,2024-08-01T14:01:00+00:00,118.5205,118.8493,2.54,0.83,0.002774,1200000,ScoreExit,0.4118,-0.0761,0.4600,0.3572,0.5051,-0.4110,-0.1211,0.1256,,,
summary,2024-08-01,NVDA,,,,,,,0.83,,1,,,,,,,,,,1.0000,2024-07-29T13:33:00+00:00,1478,3266
trade,2024-08-01,MSFT,Long,2024-08-01T13:41:00+00:00,2024-08-01T14:43:00+00:00,420.4411,424.6025,0.71,2.97,0.009898,3720000,ScoreExit,0.5369,-0.0568,0.3947,0.5639,0.5303,-0.2474,-0.2467,0.3865,,,
summary,2024-08-01,MSFT,,,,,,,2.97,,1,,,,,,,,,,0.6869,2024-08-01T13:55:00+00:00,1058,2663
summary,2024-08-02,SPY,,,,,,,0.00,,0,,,,,,,,,,0.5644,2024-07-31T08:01:00+00:00,1060,3010
summary,2024-08-02,QQQ,,,,,,,0.00,,0,,,,,,,,,,0.6015,2024-07-31T08:01:00+00:00,1225,3153
summary,2024-08-02,AAPL,,,,,,,0.00,,0,,,,,,,,,,0.9164,2024-07-30T13:41:00+00:00,1430,2943
summary,2024-08-02,NVDA,,,,,,,0.00,,0,,,,,,,,,,0.8274,2024-07-30T20:48:00+00:00,1537,3271
summary,2024-08-02,MSFT,,,,,,,0.00,,0,,,,,,,,,,0.8583,2024-07-31T12:44:00+00:00,946,2728
trade,2024-08-05,AAPL,Long,2024-08-05T13:31:00+00:00,2024-08-05T15:32:00+00:00,198.8246,210.8117,0.86,10.27,0.060290,7260000,MaxHoldTimeout,0.5960,0.0668,-0.1109,0.8451,0.3333,-0.5023,0.0284,0.3333,,,
summary,2024-08-05,AAPL,,,,,,,10.27,,1,,,,,,,,,,1.0000,2024-08-02T13:31:00+00:00,578,1285
summary,2024-08-05,MSFT,,,,,,,0.00,,0,,,,,,,,,,0.6521,2024-08-02T13:32:00+00:00,438,1178
trade,2024-08-06,QQQ,Long,2024-08-06T14:01:00+00:00,2024-08-06T15:30:00+00:00,438.3265,439.7830,0.60,0.88,0.003323,5340000,ScoreExit,0.4730,-0.0521,-0.1281,0.4744,0.6705,-0.5999,-0.3385,0.7034,,,
summary,2024-08-06,QQQ,,,,,,,0.88,,1,,,,,,,,,,1.0000,2024-08-05T08:09:00+00:00,1147,1663
trade,2024-08-06,AAPL,Long,2024-08-06T14:41:00+00:00,2024-08-06T15:28:00+00:00,205.7567,206.6330,1.46,1.28,0.004259,2820000,ScoreExit,0.3614,-0.0516,0.4609,0.4800,0.0912,-0.4492,-0.1577,0.2932,,,
summary,2024-08-06,AAPL,,,,,,,1.28,,1,,,,,,,,,,1.0000,2024-08-05T08:01:00+00:00,1048,1603
summary,2024-08-06,MSFT,,,,,,,0.00,,0,,,,,,,,,,1.0000,2024-08-05T08:08:00+00:00,1017,1388
trade,2024-08-07,QQQ,Long,2024-08-07T13:31:00+00:00,2024-08-07T14:17:00+00:00,447.4392,447.5657,0.67,0.08,0.000283,2760000,ScoreExit,0.4327,-0.0843,0.5946,0.4032,0.4378,-0.3120,-0.2909,0.4049,,,
summary,2024-08-07,QQQ,,,,,,,0.08,,1,,,,,,,,,,1.0000,2024-08-05T08:09:00+00:00,1546,2594
trade,2024-08-07,AAPL,Long,2024-08-07T13:31:00+00:00,2024-08-07T15:32:00+00:00,208.3675,213.2110,1.44,6.99,0.023245,7260000,MaxHoldTimeout,0.5095,0.3157,0.5511,0.4579,0.5986,0.5316,0.1697,0.5357,,,
summary,2024-08-07,AAPL,,,,,,,6.99,,1,,,,,,,,,,1.0000,2024-08-05T08:01:00+00:00,1475,2444
summary,2024-08-07,NVDA,,,,,,,0.00,,0,,,,,,,,,,1.0000,2024-08-05T08:05:00+00:00,1787,2641
trade,2024-08-08,NVDA,Long,2024-08-08T14:26:00+00:00,2024-08-08T15:56:00+00:00,101.3554,103.0341,2.97,4.99,0.016562,5400000,SessionClose,0.4003,0.3326,0.2293,0.4969,0.2641,0.4320,0.1713,0.6220,,,
summary,2024-08-08,NVDA,,,,,,,4.99,,1,,,,,,,,,,1.0000,2024-08-05T13:31:00+00:00,2158,3271
trade,2024-08-08,MSFT,Long,2024-08-08T14:15:00+00:00,2024-08-08T15:02:00+00:00,404.5263,403.4339,0.74,-0.81,-0.002700,2820000,ScoreExit,0.4004,-0.0523,0.5774,0.3567,0.4288,-0.5763,-0.1822,0.3822,,,
summary,2024-08-08,MSFT,,,,,,,-0.81,,1,,,,,,,,,,1.0000,2024-08-05T13:34:00+00:00,1640,2485
summary,2024-08-09,SPY,,,,,,,0.00,,0,,,,,,,,,,0.9590,2024-08-06T14:47:00+00:00,1706,3049
summary,2024-08-09,AAPL,,,,,,,0.00,,0,,,,,,,,,,0.9605,2024-08-06T14:47:00+00:00,2055,2816
trade,2024-08-09,NVDA,Long,2024-08-09T13:39:00+00:00,2024-08-09T13:46:00+00:00,106.1768,105.1334,2.83,-2.95,-0.009827,420000,ScoreExit,0.4015,-0.2731,0.5173,0.5493,0.0673,-0.5024,-0.4050,0.0673,,,
summary,2024-08-09,NVDA,,,,,,,-2.95,,1,,,,,,,,,,1.0000,2024-08-06T13:32:00+00:00,1815,3271
summary,2024-08-13,SPY,,,,,,,0.00,,0,,,,,,,,,,0.5199,2024-08-12T15:02:00+00:00,889,1372
trade,2024-08-13,QQQ,Long,2024-08-13T14:46:00+00:00,2024-08-13T15:56:00+00:00,458.0694,459.7470,0.66,1.10,0.003662,4200000,SessionClose,0.4204,0.1850,0.5279,0.3133,0.5987,0.4986,-0.0694,0.5894,,,
summary,2024-08-13,QQQ,,,,,,,1.10,,1,,,,,,,,,,0.6535,2024-08-12T14:36:00+00:00,927,1420
summary,2024-08-14,QQQ,,,,,,,0.00,,0,,,,,,,,,,0.6535,2024-08-12T14:36:00+00:00,1545,2280
summary,2024-08-15,SPY,,,,,,,0.00,,0,,,,,,,,,,0.8755,2024-08-12T15:02:00+00:00,1989,2684
summary,2024-08-15,MSFT,,,,,,,0.00,,0,,,,,,,,,,0.8882,2024-08-12T15:02:00+00:00,1501,2192
summary,2024-08-16,AAPL,,,,,,,0.00,,0,,,,,,,,,,0.8921,2024-08-13T14:04:00+00:00,1791,2585
summary,2024-08-22,SPY,,,,,,,0.00,,0,,,,,,,,,,0.8158,2024-08-19T14:53:00+00:00,1675,2629
summary,2024-08-22,QQQ,,,,,,,0.00,,0,,,,,,,,,,0.8500,2024-08-19T15:04:00+00:00,1822,2864
summary,2024-08-22,AAPL,,,,,,,0.00,,0,,,,,,,,,,0.6028,2024-08-19T19:53:00+00:00,1370,2375
trade,2024-08-22,MSFT,Long,2024-08-22T13:31:00+00:00,2024-08-22T14:06:00+00:00,424.7824,425.2574,0.71,0.34,0.001118,2100000,ScoreExit,0.4135,-0.0567,0.5357,0.4627,0.2744,-0.3436,-0.1236,0.1729,,,
summary,2024-08-22,MSFT,,,,,,,0.34,,1,,,,,,,,,,0.5902,2024-08-19T19:56:00+00:00,1184,2130
summary,2024-08-26,QQQ,,,,,,,0.00,,0,,,,,,,,,,0.9064,2024-08-23T14:02:00+00:00,408,1168
summary,2024-08-26,AAPL,,,,,,,0.00,,0,,,,,,,,,,0.8929,2024-08-23T14:10:00+00:00,521,1036
trade,2024-08-27,QQQ,Long,2024-08-27T14:25:00+00:00,2024-08-27T15:26:00+00:00,475.8877,476.3521,0.63,0.29,0.000976,3660000,ScoreExit,0.4184,-0.1158,0.5016,0.4870,0.2535,-0.4951,-0.2255,0.2302,,,
summary,2024-08-27,QQQ,,,,,,,0.29,,1,,,,,,,,,,0.4616,2024-08-27T14:29:00+00:00,481,1459
trade,2024-08-29,QQQ,Long,2024-08-29T13:32:00+00:00,2024-08-29T14:18:00+00:00,474.2172,474.9225,0.63,0.45,0.001487,2760000,ScoreExit,0.4234,-0.0553,0.5668,0.4706,0.2812,-0.5083,-0.1575,0.3000,,,
trade,2024-08-29,QQQ,Long,2024-08-29T14:49:00+00:00,2024-08-29T15:21:00+00:00,477.6282,476.0221,0.63,-1.01,-0.003363,1920000,ScoreExit,0.4012,-0.0726,0.5709,0.3804,0.3863,-0.5887,-0.1822,0.3186,,,
summary,2024-08-29,QQQ,,,,,,,-0.56,,2,,,,,,,,,,0.4991,2024-08-29T08:11:00+00:00,955,2952
summary,2024-08-29,MSFT,,,,,,,0.00,,0,,,,,,,,,,0.7327,2024-08-29T13:57:00+00:00,603,2132
summary,2024-08-30,SPY,,,,,,,0.00,,0,,,,,,,,,,0.8380,2024-08-27T15:00:00+00:00,1235,2772
summary,2024-08-30,QQQ,,,,,,,0.00,,0,,,,,,,,,,0.9522,2024-08-27T14:59:00+00:00,1246,2953
summary,2024-09-02,QQQ,,,,,,,0.00,,0,,,,,,,,,,0.6238,2024-08-30T14:02:00+00:00,257,526
summary,2024-09-03,AAPL,,,,,,,0.00,,0,,,,,,,,,,0.4351,2024-09-03T08:21:00+00:00,16,597
summary,2024-09-03,NVDA,,,,,,,0.00,,0,,,,,,,,,,0.2549,2024-09-03T19:02:00+00:00,34,721
summary,2024-09-04,SPY,,,,,,,0.00,,0,,,,,,,,,,0.4127,2024-09-03T12:23:00+00:00,132,1493
summary,2024-09-05,SPY,,,,,,,0.00,,0,,,,,,,,,,0.4127,2024-09-03T12:23:00+00:00,140,2274
trade,2024-09-05,MSFT,Long,2024-09-05T13:32:00+00:00,2024-09-05T14:46:00+00:00,409.2227,410.8917,0.73,1.22,0.004078,4440000,ScoreExit,0.4252,-0.1438,0.6220,0.5502,0.1094,-0.6026,-0.2166,0.1547,,,
summary,2024-09-05,MSFT,,,,,,,1.22,,1,,,,,,,,,,0.6717,2024-09-03T13:46:00+00:00,335,1655
summary,2024-09-06,MSFT,,,,,,,0.00,,0,,,,,,,,,,0.9432,2024-09-03T13:46:00+00:00,368,2135
summary,2024-09-09,MSFT,,,,,,,0.00,,0,,,,,,,,,,0.6542,2024-09-09T08:02:00+00:00,304,990
summary,2024-09-10,SPY,,,,,,,0.00,,0,,,,,,,,,,0.7276,2024-09-09T09:24:00+00:00,954,1468
trade,2024-09-10,AAPL,Long,2024-09-10T14:26:00+00:00,2024-09-10T15:46:00+00:00,219.1007,219.5692,1.37,0.64,0.002138,4800000,ScoreExit,0.3757,-0.1212,0.5117,0.4832,0.1153,-0.4901,-0.1895,0.1384,,,
summary,2024-09-10,AAPL,,,,,,,0.64,,1,,,,,,,,,,0.6710,2024-09-09T16:02:00+00:00,725,1467
summary,2024-09-11,QQQ,,,,,,,0.00,,0,,,,,,,,,,0.7412,2024-09-09T09:25:00+00:00,1560,2370
summary,2024-09-12,AAPL,,,,,,,0.00,,0,,,,,,,,,,0.7521,2024-09-09T16:02:00+00:00,1621,2561
summary,2024-09-12,MSFT,,,,,,,0.00,,0,,,,,,,,,,0.6831,2024-09-10T13:40:00+00:00,1447,2159
trade,2024-09-13,SPY,Long,2024-09-13T14:24:00+00:00,2024-09-13T15:40:00+00:00,562.0636,561.8164,0.53,-0.13,-0.000440,4560000,MaxHoldTimeout,0.4001,0.0924,0.5254,0.4170,0.3245,-0.1137,0.0014,0.3430,,,
summary,2024-09-13,SPY,,,,,,,-0.13,,1,,,,,,,,,,0.4955,2024-09-11T16:04:00+00:00,1867,2708
summary,2024-09-13,AAPL,,,,,,,0.00,,0,,,,,,,,,,0.8959,2024-09-10T14:28:00+00:00,1713,2412
summary,2024-09-16,QQQ,,,,,,,0.00,,0,,,,,,,,,,0.6469,2024-09-13T14:46:00+00:00,487,1169
trade,2024-09-17,QQQ,Long,2024-09-17T14:46:00+00:00,2024-09-17T15:01:00+00:00,477.4882,475.4823,0.63,-1.26,-0.004201,900000,ScoreExit,0.4004,-0.1070,0.5688,0.3787,0.3878,-0.4969,-0.2877,0.3842,,,
summary,2024-09-17,QQQ,,,,,,,-1.26,,1,,,,,,,,,,0.4317,2024-09-16T17:43:00+00:00,768,1468
summary,2024-09-18,SPY,,,,,,,0.00,,0,,,,,,,,,,0.4234,2024-09-16T13:54:00+00:00,1085,2123
summary,2024-09-18,MSFT,,,,,,,0.00,,0,,,,,,,,,,0.6814,2024-09-16T13:44:00+00:00,780,1716
summary,2024-09-19,SPY,,,,,,,0.00,,0,,,,,,,,,,0.5673,2024-09-19T08:11:00+00:00,1699,2815
summary,2024-09-20,NVDA,,,,,,,0.00,,0,,,,,,,,,,0.8023,2024-09-17T14:45:00+00:00,1187,3261
summary,2024-09-24,SPY,,,,,,,0.00,,0,,,,,,,,,,0.4148,2024-09-24T08:18:00+00:00,754,1332
summary,2024-09-24,QQQ,,,,,,,0.00,,0,,,,,,,,,,0.5055,2024-09-24T15:53:00+00:00,820,1456
summary,2024-09-24,AAPL,,,,,,,0.00,,0,,,,,,,,,,0.6528,2024-09-23T14:53:00+00:00,606,1364
summary,2024-09-24,NVDA,,,,,,,0.00,,0,,,,,,,,,,0.8257,2024-09-24T15:53:00+00:00,918,1669
summary,2024-09-24,MSFT,,,,,,,0.00,,0,,,,,,,,,,0.5953,2024-09-23T14:45:00+00:00,272,1082
summary,2024-09-25,SPY,,,,,,,0.00,,0,,,,,,,,,,0.4148,2024-09-24T08:18:00+00:00,1076,2051
summary,2024-09-25,QQQ,,,,,,,0.00,,0,,,,,,,,,,0.5055,2024-09-24T15:53:00+00:00,1278,2284
trade,2024-09-25,NVDA,Long,2024-09-25T13:31:00+00:00,2024-09-25T15:26:00+00:00,122.2517,124.3277,2.46,5.10,0.016982,6900000,ScoreExit,0.4848,-0.0722,0.4193,0.4439,0.5884,-0.2800,-0.3309,0.5144,,,
summary,2024-09-25,NVDA,,,,,,,5.10,,1,,,,,,,,,,0.8257,2024-09-24T15:53:00+00:00,1714,2629
summary,2024-09-26,SPY,,,,,,,0.00,,0,,,,,,,,,,0.4715,2024-09-23T14:53:00+00:00,1457,2623
trade,2024-09-30,AAPL,Long,2024-09-30T13:31:00+00:00,2024-09-30T15:32:00+00:00,231.0963,232.0254,1.30,1.21,0.004020,7260000,MaxHoldTimeout,0.5144,0.3431,0.5558,0.4981,0.5333,0.4695,0.1895,0.6082,,,
summary,2024-09-30,AAPL,,,,,,,1.21,,1,,,,,,,,,,0.5349,2024-09-27T14:03:00+00:00,617,1142
summary,2024-10-02,QQQ,,,,,,,0.00,,0,,,,,,,,,,0.5110,2024-09-30T19:57:00+00:00,789,2336
trade,2024-10-03,QQQ,Long,2024-10-03T14:05:00+00:00,2024-10-03T15:21:00+00:00,484.1702,481.2706,0.62,-1.80,-0.005989,4560000,MaxHoldTimeout,0.4050,0.0000,0.5792,0.5470,0.0629,0.3853,0.1731,-0.0192,,,
summary,2024-10-03,QQQ,,,,,,,-1.80,,1,,,,,,,,,,0.6709,2024-09-30T19:57:00+00:00,869,2881
summary,2024-10-04,QQQ,,,,,,,0.00,,0,,,,,,,,,,0.6296,2024-10-01T18:29:00+00:00,1396,2941
summary,2024-10-04,AAPL,,,,,,,0.00,,0,,,,,,,,,,0.4737,2024-10-02T15:44:00+00:00,955,2558
summary,2024-10-07,AAPL,,,,,,,0.00,,0,,,,,,,,,,0.6042,2024-10-04T19:57:00+00:00,274,1153
summary,2024-10-07,NVDA,,,,,,,0.00,,0,,,,,,,,,,0.8229,2024-10-04T15:02:00+00:00,1041,1351
summary,2024-10-09,NVDA,,,,,,,0.00,,0,,,,,,,,,,0.7712,2024-10-07T13:37:00+00:00,2083,2641
summary,2024-10-09,MSFT,,,,,,,0.00,,0,,,,,,,,,,0.5772,2024-10-08T13:53:00+00:00,853,1813
trade,2024-10-10,NVDA,Long,2024-10-10T13:36:00+00:00,2024-10-10T15:37:00+00:00,132.4947,134.1697,2.27,3.81,0.012642,7260000,MaxHoldTimeout,0.4555,0.3182,0.5550,0.5078,0.3177,0.4225,0.1871,0.5458,,,
summary,2024-10-10,NVDA,,,,,,,3.81,,1,,,,,,,,,,1.0000,2024-10-07T13:33:00+00:00,2459,3269
trade,2024-10-11,SPY,Long,2024-10-11T14:11:00+00:00,2024-10-11T15:19:00+00:00,578.9386,579.1112,0.52,0.09,0.000298,4080000,ScoreExit,0.4149,-0.0650,0.5678,0.4684,0.2570,-0.4492,-0.1714,0.2761,,,
summary,2024-10-11,SPY,,,,,,,0.09,,1,,,,,,,,,,0.8329,2024-10-08T14:42:00+00:00,1868,2674
summary,2024-10-11,AAPL,,,,,,,0.00,,0,,,,,,,,,,0.9267,2024-10-08T14:43:00+00:00,1585,2290
trade,2024-10-14,SPY,Long,2024-10-14T13:44:00+00:00,2024-10-14T14:59:00+00:00,582.3196,582.7401,0.52,0.22,0.000722,4500000,ScoreExit,0.4166,-0.0587,0.5570,0.3827,0.4375,-0.5583,-0.2101,0.4106,,,
summary,2024-10-14,SPY,,,,,,,0.22,,1,,,,,,,,,,0.6604,2024-10-11T14:40:00+00:00,839,1181
summary,2024-10-14,QQQ,,,,,,,0.00,,0,,,,,,,,,,0.7891,2024-10-11T14:27:00+00:00,885,1188
summary,2024-10-14,NVDA,,,,,,,0.00,,0,,,,,,,,,,0.8912,2024-10-11T14:12:00+00:00,833,1347
summary,2024-10-15,SPY,,,,,,,0.00,,0,,,,,,,,,,0.4635,2024-10-14T13:49:00+00:00,820,1414
summary,2024-10-16,SPY,,,,,,,0.00,,0,,,,,,,,,,0.4635,2024-10-14T13:49:00+00:00,1214,2191
summary,2024-10-16,AAPL,,,,,,,0.00,,0,,,,,,,,,,0.6674,2024-10-14T13:37:00+00:00,1059,2012
summary,2024-10-17,SPY,,,,,,,0.00,,0,,,,,,,,,,0.7668,2024-10-14T14:43:00+00:00,1457,2763
summary,2024-10-17,AAPL,,,,,,,0.00,,0,,,,,,,,,,1.0000,2024-10-14T13:35:00+00:00,1189,2575
summary,2024-10-18,SPY,,,,,,,0.00,,0,,,,,,,,,,0.4569,2024-10-17T08:31:00+00:00,1249,2711
summary,2024-10-18,QQQ,,,,,,,0.00,,0,,,,,,,,,,0.5116,2024-10-17T08:01:00+00:00,1333,2910
summary,2024-10-18,MSFT,,,,,,,0.00,,0,,,,,,,,,,0.4670,2024-10-17T08:31:00+00:00,837,2132
summary,2024-10-21,SPY,,,,,,,0.00,,0,,,,,,,,,,0.4691,2024-10-18T14:46:00+00:00,586,1105
summary,2024-10-21,MSFT,,,,,,,0.00,,0,,,,,,,,,,0.9011,2024-10-18T13:41:00+00:00,380,947
summary,2024-10-22,SPY,,,,,,,0.00,,0,,,,,,,,,,0.3885,2024-10-22T18:04:00+00:00,657,1383
summary,2024-10-22,AAPL,,,,,,,0.00,,0,,,,,,,,,,0.5611,2024-10-21T14:14:00+00:00,668,1315
summary,2024-10-23,SPY,,,,,,,0.00,,0,,,,,,,,,,0.3885,2024-10-22T18:04:00+00:00,734,2152
summary,2024-10-24,SPY,,,,,,,0.00,,0,,,,,,,,,,0.3886,2024-10-22T18:04:00+00:00,683,2755
summary,2024-10-24,AAPL,,,,,,,0.00,,0,,,,,,,,,,0.6258,2024-10-21T14:16:00+00:00,648,2515
summary,2024-10-25,SPY,,,,,,,0.00,,0,,,,,,,,,,0.6939,2024-10-22T14:54:00+00:00,999,2707
trade,2024-10-25,QQQ,Long,2024-10-25T13:42:00+00:00,2024-10-25T14:47:00+00:00,496.7340,498.6754,0.60,1.17,0.003908,3900000,ScoreExit,0.4033,-0.0532,0.2441,0.4511,0.3606,-0.5565,-0.1665,0.3410,,,
summary,2024-10-25,QQQ,,,,,,,1.17,,1,,,,,,,,,,0.7322,2024-10-22T14:08:00+00:00,1356,2936
trade,2024-10-25,AAPL,Long,2024-10-25T13:31:00+00:00,2024-10-25T15:26:00+00:00,230.4241,232.6652,1.30,2.92,0.009726,6900000,ScoreExit,0.3671,-0.0750,0.5014,0.4404,0.1759,-0.1409,-0.2767,0.3503,,,
summary,2024-10-25,AAPL,,,,,,,2.92,,1,,,,,,,,,,0.8585,2024-10-22T14:57:00+00:00,847,2533
trade,2024-10-25,NVDA,Long,2024-10-25T13:31:00+00:00,2024-10-25T15:32:00+00:00,141.1060,143.8318,2.13,5.79,0.019318,7260000,MaxHoldTimeout,0.4138,0.1499,0.2471,0.4698,0.3574,0.0691,-0.0205,0.5177,,,
summary,2024-10-25,NVDA,,,,,,,5.79,,1,,,,,,,,,,1.0000,2024-10-22T13:38:00+00:00,1081,3257
trade,2024-10-28,AAPL,Long,2024-10-28T14:27:00+00:00,2024-10-28T15:21:00+00:00,233.5951,233.2650,1.28,-0.42,-0.001413,3240000,ScoreExit,0.3592,-0.0627,0.5319,0.2248,0.5704,-0.5533,-0.2860,0.5474,,,
summary,2024-10-28,AAPL,,,,,,,-0.42,,1,,,,,,,,,,0.9532,2024-10-25T14:54:00+00:00,694,1112
summary,2024-10-29,NVDA,,,,,,,0.00,,0,,,,,,,,,,0.7855,2024-10-28T09:18:00+00:00,564,1681
summary,2024-10-29,MSFT,,,,,,,0.00,,0,,,,,,,,,,0.5698,2024-10-28T09:52:00+00:00,484,1112
summary,2024-10-31,SPY,,,,,,,0.00,,0,,,,,,,,,,0.4002,2024-10-28T14:45:00+00:00,719,2802
summary,2024-10-31,MSFT,,,,,,,0.00,,0,,,,,,,,,,0.6477,2024-10-30T20:03:00+00:00,1104,2704
summary,2024-11-01,SPY,,,,,,,0.00,,0,,,,,,,,,,0.6901,2024-10-29T15:03:00+00:00,794,2894
summary,2024-11-01,QQQ,,,,,,,0.00,,0,,,,,,,,,,0.8648,2024-10-29T14:57:00+00:00,922,3050
trade,2024-11-01,NVDA,Long,2024-11-01T14:16:00+00:00,2024-11-01T14:41:00+00:00,136.9548,136.6439,2.19,-0.68,-0.002270,1500000,ScoreExit,0.4714,-0.0557,0.5852,0.5891,0.1981,-0.5719,-0.0726,0.1502,,,
summary,2024-11-01,NVDA,,,,,,,-0.68,,1,,,,,,,,,,0.8991,2024-10-29T14:59:00+00:00,821,3267
summary,2024-11-01,MSFT,,,,,,,0.00,,0,,,,,,,,,,0.8610,2024-10-29T14:52:00+00:00,1224,2960
summary,2024-11-04,SPY,,,,,,,0.00,,0,,,,,,,,,,0.7730,2024-11-01T14:29:00+00:00,347,1146
summary,2024-11-04,QQQ,,,,,,,0.00,,0,,,,,,,,,,0.8905,2024-11-01T14:29:00+00:00,505,1193
summary,2024-11-04,AAPL,,,,,,,0.00,,0,,,,,,,,,,1.0000,2024-11-01T13:36:00+00:00,339,1139
summary,2024-11-04,MSFT,,,,,,,0.00,,0,,,,,,,,,,0.9597,2024-11-01T15:02:00+00:00,291,1017
summary,2024-11-05,NVDA,,,,,,,0.00,,0,,,,,,,,,,0.6292,2024-11-04T16:12:00+00:00,806,1671
trade,2024-11-05,MSFT,Long,2024-11-05T14:36:00+00:00,2024-11-05T15:56:00+00:00,410.6382,411.5215,0.73,0.65,0.002151,4800000,ScoreExit,0.4687,-0.0604,0.4602,0.4446,0.5198,-0.5583,-0.2289,0.4424,,,
summary,2024-11-05,MSFT,,,,,,,0.65,,1,,,,,,,,,,0.5339,2024-11-05T14:59:00+00:00,571,1096
trade,2024-11-06,QQQ,Long,2024-11-06T14:36:00+00:00,2024-11-06T14:51:00+00:00,502.0556,499.8350,0.60,-1.33,-0.004423,900000,ScoreExit,0.4361,-0.0954,0.5315,0.4524,0.3719,-0.5739,-0.2493,0.3719,,,
summary,2024-11-06,QQQ,,,,,,,-1.33,,1,,,,,,,,,,0.7634,2024-11-04T10:34:00+00:00,1630,2378
summary,2024-11-06,NVDA,,,,,,,0.00,,0,,,,,,,,,,0.6292,2024-11-04T16:12:00+00:00,1655,2631
summary,2024-11-07,SPY,,,,,,,0.00,,0,,,,,,,,,,0.8348,2024-11-06T09:02:00+00:00,2045,2905
trade,2024-11-07,QQQ,Long,2024-11-07T14:31:00+00:00,2024-11-07T15:56:00+00:00,509.0977,511.6415,0.59,1.50,0.004997,5100000,SessionClose,0.4040,0.3184,0.5380,0.3805,0.4064,0.2705,0.2780,0.4152,,,
summary,2024-11-07,QQQ,,,,,,,1.50,,1,,,,,,,,,,0.9061,2024-11-04T15:49:00+00:00,2181,2967
summary,2024-11-07,NVDA,,,,,,,0.00,,0,,,,,,,,,,0.9348,2024-11-04T14:45:00+00:00,2491,3260
summary,2024-11-08,QQQ,,,,,,,0.00,,0,,,,,,,,,,0.7151,2024-11-06T09:01:00+00:00,2401,3025
trade,2024-11-08,AAPL,Long,2024-11-08T14:31:00+00:00,2024-11-08T15:23:00+00:00,227.7133,227.8466,1.32,0.18,0.000586,3120000,ScoreExit,0.3722,-0.0516,0.4637,0.3713,0.3436,-0.1370,-0.1834,0.2407,,,
summary,2024-11-08,AAPL,,,,,,,0.18,,1,,,,,,,,,,0.8098,2024-11-05T14:55:00+00:00,1688,2695
trade,2024-11-12,AAPL,Long,2024-11-12T15:46:00+00:00,2024-11-12T15:56:00+00:00,224.6574,224.7176,1.34,0.08,0.000268,600000,SessionClose,0.3817,0.2432,0.4192,0.3787,0.3751,0.3039,0.1578,0.3937,,,
summary,2024-11-12,AAPL,,,,,,,0.08,,1,,,,,,,,,,0.4348,2024-11-12T16:19:00+00:00,584,1322
summary,2024-11-13,SPY,,,,,,,0.00,,0,,,,,,,,,,0.3646,2024-11-13T13:40:00+00:00,623,2220
summary,2024-11-13,QQQ,,,,,,,0.00,,0,,,,,,,,,,0.3809,2024-11-13T13:41:00+00:00,991,2296
summary,2024-11-15,SPY,,,,,,,0.00,,0,,,,,,,,,,0.4065,2024-11-13T13:40:00+00:00,709,2829
summary,2024-11-15,QQQ,,,,,,,0.00,,0,,,,,,,,,,0.4149,2024-11-13T13:41:00+00:00,565,2875
trade,2024-11-18,QQQ,Long,2024-11-18T15:21:00+00:00,2024-11-18T15:56:00+00:00,499.6398,500.9247,0.60,0.77,0.002572,2100000,SessionClose,0.4322,0.3421,0.4875,0.4358,0.4064,-0.1409,0.3435,0.5004,,,
summary,2024-11-18,QQQ,,,,,,,0.77,,1,,,,,,,,,,0.5240,2024-11-18T15:34:00+00:00,473,1243
trade,2024-11-18,MSFT,Long,2024-11-18T15:29:00+00:00,2024-11-18T15:56:00+00:00,417.2901,417.3498,0.72,0.04,0.000143,1620000,SessionClose,0.4133,0.1276,0.5716,0.4287,0.3299,-0.5761,0.1239,0.3696,,,
summary,2024-11-18,MSFT,,,,,,,0.04,,1,,,,,,,,,,0.4923,2024-11-18T15:34:00+00:00,299,984
trade,2024-11-19,NVDA,Long,2024-11-19T14:36:00+00:00,2024-11-19T15:56:00+00:00,141.8755,143.9318,2.12,4.35,0.014493,4800000,SessionClose,0.5819,0.6070,0.3407,0.5799,0.6663,0.5335,0.4874,0.8708,,,
trade,2024-11-19,NVDA,Long,2024-11-19T15:58:00+00:00,2024-11-19T15:59:00+00:00,144.3583,144.2862,2.08,-0.15,-0.000499,60000,SessionClose,0.6110,0.6095,0.5730,0.4874,0.8708,0.5580,0.4874,0.8708,,,
summary,2024-11-19,NVDA,,,,,,,4.20,,2,,,,,,,,,,0.7033,2024-11-18T15:34:00+00:00,1245,1681
summary,2024-11-20,SPY,,,,,,,0.00,,0,,,,,,,,,,0.4883,2024-11-18T15:34:00+00:00,1193,2228
summary,2024-11-20,MSFT,,,,,,,0.00,,0,,,,,,,,,,0.7585,2024-11-18T10:50:00+00:00,733,1679
summary,2024-11-21,SPY,,,,,,,0.00,,0,,,,,,,,,,0.8251,2024-11-18T15:49:00+00:00,1562,2807
summary,2024-11-21,QQQ,,,,,,,0.00,,0,,,,,,,,,,0.9543,2024-11-18T15:51:00+00:00,1786,2994
trade,2024-11-21,AAPL,Long,2024-11-21T15:58:00+00:00,2024-11-21T15:59:00+00:00,228.3385,228.2165,1.31,-0.16,-0.000534,60000,SessionClose,0.3610,0.3613,0.5896,0.4707,0.0652,0.5768,0.4707,0.0705,,,
summary,2024-11-21,AAPL,,,,,,,-0.16,,1,,,,,,,,,,0.9548,2024-11-18T15:52:00+00:00,1259,2428
summary,2024-11-22,QQQ,,,,,,,0.00,,0,,,,,,,,,,0.8915,2024-11-19T15:52:00+00:00,1982,2967
trade,2024-11-22,AAPL,Long,2024-11-22T14:36:00+00:00,2024-11-22T15:34:00+00:00,229.0887,229.0813,1.31,-0.01,-0.000033,3480000,ScoreExit,0.3517,-0.0721,0.4348,0.4237,0.1800,-0.3993,-0.1339,0.1608,,,
summary,2024-11-22,AAPL,,,,,,,-0.01,,1,,,,,,,,,,0.9557,2024-11-19T15:52:00+00:00,1116,2387
summary,2024-11-22,NVDA,,,,,,,0.00,,0,,,,,,,,,,1.0000,2024-11-19T14:36:00+00:00,1933,3208
summary,2024-11-25,SPY,,,,,,,0.00,,0,,,,,,,,,,0.5555,2024-11-22T15:59:00+00:00,779,1190
summary,2024-11-25,QQQ,,,,,,,0.00,,0,,,,,,,,,,0.5525,2024-11-22T15:44:00+00:00,837,1212
trade,2024-11-25,AAPL,Long,2024-11-25T14:31:00+00:00,2024-11-25T15:56:00+00:00,231.9346,232.1503,1.29,0.28,0.000930,5100000,SessionClose,0.4325,-0.0296,0.4485,0.3712,0.5498,-0.5076,-0.2197,0.5099,,,
summary,2024-11-25,AAPL,,,,,,,0.28,,1,,,,,,,,,,0.8346,2024-11-22T14:39:00+00:00,676,1058
summary,2024-11-25,NVDA,,,,,,,0.00,,0,,,,,,,,,,1.0000,2024-11-22T14:34:00+00:00,183,1350
trade,2024-11-25,MSFT,Long,2024-11-25T14:36:00+00:00,2024-11-25T14:51:00+00:00,419.1207,417.7496,0.72,-0.98,-0.003271,900000,ScoreExit,0.4346,-0.1775,0.5437,0.4394,0.3887,-0.6443,-0.3828,0.3887,,,
summary,2024-11-25,MSFT,,,,,,,-0.98,,1,,,,,,,,,,0.9704,2024-11-22T14:41:00+00:00,714,1008
summary,2024-11-26,SPY,,,,,,,0.00,,0,,,,,,,,,,0.3959,2024-11-25T13:52:00+00:00,743,1427
summary,2024-11-26,NVDA,,,,,,,0.00,,0,,,,,,,,,,0.9339,2024-11-25T09:16:00+00:00,572,1680
summary,2024-11-28,SPY,,,,,,,0.00,,0,,,,,,,,,,0.4744,2024-11-25T14:37:00+00:00,900,2101
summary,2024-11-28,QQQ,,,,,,,0.00,,0,,,,,,,,,,0.6654,2024-11-25T14:41:00+00:00,835,2249
summary,2024-11-29,AAPL,,,,,,,0.00,,0,,,,,,,,,,0.9055,2024-11-26T15:44:00+00:00,957,1647
summary,2024-11-29,MSFT,,,,,,,0.00,,0,,,,,,,,,,0.9567,2024-11-26T15:42:00+00:00,617,1485
trade,2024-12-03,NVDA,Long,2024-12-03T14:33:00+00:00,2024-12-03T15:21:00+00:00,139.0068,138.8233,2.16,-0.40,-0.001320,2880000,ScoreExit,0.4219,-0.0985,0.5763,0.3965,0.4214,-0.4634,-0.2065,0.2391,,,
summary,2024-12-03,NVDA,,,,,,,-0.40,,1,,,,,,,,,,0.7068,2024-12-02T14:49:00+00:00,915,1667
trade,2024-12-03,MSFT,Long,2024-12-03T15:00:00+00:00,2024-12-03T15:26:00+00:00,431.4094,430.0859,0.70,-0.92,-0.003068,1560000,ScoreExit,0.4112,-0.1310,0.5646,0.4242,0.3340,-0.5427,-0.2349,0.2141,,,
summary,2024-12-03,MSFT,,,,,,,-0.92,,1,,,,,,,,,,0.7756,2024-12-02T15:32:00+00:00,776,1055
summary,2024-12-04,SPY,,,,,,,0.00,,0,,,,,,,,,,0.5032,2024-12-02T10:22:00+00:00,1355,2081
summary,2024-12-05,SPY,,,,,,,0.00,,0,,,,,,,,,,0.4346,2024-12-02T15:49:00+00:00,1510,2540
summary,2024-12-09,QQQ,,,,,,,0.00,,0,,,,,,,,,,0.5623,2024-12-06T14:52:00+00:00,523,1201
summary,2024-12-10,SPY,,,,,,,0.00,,0,,,,,,,,,,0.3294,2024-12-09T12:04:00+00:00,278,1326
summary,2024-12-10,QQQ,,,,,,,0.00,,0,,,,,,,,,,0.3871,2024-12-10T14:44:00+00:00,308,1482
summary,2024-12-12,SPY,,,,,,,0.00,,0,,,,,,,,,,0.3712,2024-12-11T16:39:00+00:00,1145,2569
summary,2024-12-12,QQQ,,,,,,,0.00,,0,,,,,,,,,,0.4726,2024-12-11T14:51:00+00:00,1348,2820
trade,2024-12-12,AAPL,Long,2024-12-12T15:23:00+00:00,2024-12-12T15:56:00+00:00,247.5933,247.9506,1.21,0.43,0.001443,1980000,SessionClose,0.3511,0.1554,0.5619,0.4268,0.1295,-0.1475,0.1899,0.1875,,,
summary,2024-12-12,AAPL,,,,,,,0.43,,1,,,,,,,,,,0.9568,2024-12-09T15:58:00+00:00,1662,2541
summary,2024-12-13,QQQ,,,,,,,0.00,,0,,,,,,,,,,0.5327,2024-12-10T14:45:00+00:00,1706,2926
summary,2024-12-13,AAPL,,,,,,,0.00,,0,,,,,,,,,,0.7373,2024-12-10T14:48:00+00:00,1195,2579
summary,2024-12-13,NVDA,,,,,,,0.00,,0,,,,,,,,,,1.0000,2024-12-10T14:39:00+00:00,1500,3256
summary,2024-12-16,NVDA,,,,,,,0.00,,0,,,,,,,,,,0.7380,2024-12-13T15:00:00+00:00,100,1350
summary,2024-12-17,AAPL,,,,,,,0.00,,0,,,,,,,,,,0.6383,2024-12-16T14:34:00+00:00,906,1209
summary,2024-12-17,NVDA,,,,,,,0.00,,0,,,,,,,,,,0.6875,2024-12-16T19:39:00+00:00,483,1680
summary,2024-12-18,QQQ,,,,,,,0.00,,0,,,,,,,,,,0.7392,2024-12-16T10:30:00+00:00,1164,2380
summary,2024-12-19,QQQ,,,,,,,0.00,,0,,,,,,,,,,0.7460,2024-12-16T16:04:00+00:00,952,3046
trade,2024-12-19,AAPL,Long,2024-12-19T15:11:00+00:00,2024-12-19T15:56:00+00:00,249.8396,249.8800,1.20,0.05,0.000162,2700000,SessionClose,0.4157,0.1212,0.5743,0.5644,0.0653,-0.3487,0.2180,0.0843,,,
summary,2024-12-19,AAPL,,,,,,,0.05,,1,,,,,,,,,,1.0000,2024-12-16T14:34:00+00:00,1474,2588
summary,2024-12-19,NVDA,,,,,,,0.00,,0,,,,,,,,,,0.8651,2024-12-16T15:00:00+00:00,1477,3271
summary,2024-12-19,MSFT,,,,,,,0.00,,0,,,,,,,,,,0.6032,2024-12-16T20:27:00+00:00,989,2211
trade,2024-12-20,SPY,Long,2024-12-20T15:31:00+00:00,2024-12-20T15:56:00+00:00,587.9113,588.6983,0.51,0.40,0.001339,1500000,SessionClose,0.4262,0.2740,0.5893,0.5702,0.0838,0.4210,0.3445,0.0838,,,
summary,2024-12-20,SPY,,,,,,,0.40,,1,,,,,,,,,,0.5469,2024-12-17T16:00:00+00:00,691,2936
trade,2024-12-20,NVDA,Long,2024-12-20T15:11:00+00:00,2024-12-20T15:56:00+00:00,130.4140,133.0751,2.31,6.14,0.020405,2700000,SessionClose,0.4052,0.4099,-0.1300,0.5336,0.3268,0.1077,0.3518,0.6268,,,
summary,2024-12-20,NVDA,,,,,,,6.14,,1,,,,,,,,,,1.0000,2024-12-17T14:41:00+00:00,2049,3271
trade,2024-12-24,MSFT,Long,2024-12-24T15:05:00+00:00,2024-12-24T15:56:00+00:00,436.3559,438.0136,0.69,1.14,0.003799,3060000,SessionClose,0.4164,0.1885,0.4678,0.4003,0.4316,-0.1873,0.1017,0.4873,,,
summary,2024-12-24,MSFT,,,,,,,1.14,,1,,,,,,,,,,0.6794,2024-12-23T12:23:00+00:00,386,907
summary,2024-12-25,AAPL,,,,,,,0.00,,0,,,,,,,,,,0.4765,2024-12-24T14:34:00+00:00,609,1163
summary,2024-12-26,SPY,,,,,,,0.00,,0,,,,,,,,,,0.6071,2024-12-23T16:59:00+00:00,1331,1700
summary,2024-12-26,QQQ,,,,,,,0.00,,0,,,,,,,,,,0.6326,2024-12-23T16:59:00+00:00,1443,1813
trade,2024-12-26,AAPL,Long,2024-12-26T14:31:00+00:00,2024-12-26T14:51:00+00:00,258.9927,258.5874,1.16,-0.47,-0.001565,1200000,ScoreExit,0.4236,-0.0824,0.5171,0.4479,0.3438,-0.5286,-0.2211,0.3438,,,
summary,2024-12-26,AAPL,,,,,,,-0.47,,1,,,,,,,,,,0.5283,2024-12-23T20:54:00+00:00,957,1481
summary,2024-12-27,QQQ,,,,,,,0.00,,0,,,,,,,,,,0.8541,2024-12-24T15:46:00+00:00,805,1748
summary,2024-12-31,QQQ,,,,,,,0.00,,0,,,,,,,,,,0.6295,2024-12-30T16:42:00+00:00,593,1513
